"key","panel_key_status","join_key_status"
"01__01","not_in_panel","in_join_map"
"01__01113","not_in_panel","in_join_map"
"01__01114","not_in_panel","in_join_map"
"01__01209","not_in_panel","in_join_map"
"01__01210","not_in_panel","in_join_map"
"01__01212","not_in_panel","in_join_map"
"01__01301","not_in_panel","in_join_map"
"01__01302","not_in_panel","in_join_map"
"01__01303","not_in_panel","in_join_map"
"01__01304","not_in_panel","in_join_map"
"01__01305","not_in_panel","in_join_map"
"01__01306","not_in_panel","in_join_map"
"01__02","not_in_panel","in_join_map"
"01__03","not_in_panel","in_join_map"
"01__04","not_in_panel","in_join_map"
"01__05","not_in_panel","in_join_map"
"01__06","not_in_panel","in_join_map"
"01__07","not_in_panel","in_join_map"
"01__08","not_in_panel","in_join_map"
"01__09","not_in_panel","in_join_map"
"01__10","not_in_panel","in_join_map"
"01__11","not_in_panel","in_join_map"
"01__12","not_in_panel","in_join_map"
"01__13","not_in_panel","in_join_map"
"01__14","not_in_panel","in_join_map"
"01__15","not_in_panel","in_join_map"
"01__16","not_in_panel","in_join_map"
"01__17","not_in_panel","in_join_map"
"01__18","not_in_panel","in_join_map"
"01__19","not_in_panel","in_join_map"
"01__20","not_in_panel","in_join_map"
"01__21","not_in_panel","in_join_map"
"01__22","not_in_panel","in_join_map"
"02__01","not_in_panel","in_join_map"
"02__02","not_in_panel","in_join_map"
"02__02102","not_in_panel","in_join_map"
"02__02104","not_in_panel","in_join_map"
"02__02105","not_in_panel","in_join_map"
"02__02106","not_in_panel","in_join_map"
"02__02107","not_in_panel","in_join_map"
"02__02201","not_in_panel","in_join_map"
"02__02203","not_in_panel","in_join_map"
"02__02208","not_in_panel","in_join_map"
"02__02209","not_in_panel","in_join_map"
"02__02210","not_in_panel","in_join_map"
"02__02211","not_in_panel","in_join_map"
"02__02212","not_in_panel","in_join_map"
"02__03","not_in_panel","in_join_map"
"02__04","not_in_panel","in_join_map"
"02__05","not_in_panel","in_join_map"
"02__06","not_in_panel","in_join_map"
"02__07","not_in_panel","in_join_map"
"02__08","not_in_panel","in_join_map"
"02__09","not_in_panel","in_join_map"
"02__10","not_in_panel","in_join_map"
"02__11","not_in_panel","in_join_map"
"02__12","not_in_panel","in_join_map"
"03__01","not_in_panel","in_join_map"
"03__02","not_in_panel","in_join_map"
"03__03","not_in_panel","in_join_map"
"03__03101","not_in_panel","in_join_map"
"03__03102","not_in_panel","in_join_map"
"03__03103","not_in_panel","in_join_map"
"03__03104","not_in_panel","in_join_map"
"03__03105","not_in_panel","in_join_map"
"03__03106","not_in_panel","in_join_map"
"03__03107","not_in_panel","in_join_map"
"03__03208","not_in_panel","in_join_map"
"03__03209","not_in_panel","in_join_map"
"03__03210","not_in_panel","in_join_map"
"03__03211","not_in_panel","in_join_map"
"03__03212","not_in_panel","in_join_map"
"03__03213","not_in_panel","in_join_map"
"03__03214","not_in_panel","in_join_map"
"03__03215","not_in_panel","in_join_map"
"03__03216","not_in_panel","in_join_map"
"03__03217","not_in_panel","in_join_map"
"03__04","not_in_panel","in_join_map"
"03__05","not_in_panel","in_join_map"
"03__06","not_in_panel","in_join_map"
"03__07","not_in_panel","in_join_map"
"03__08","not_in_panel","in_join_map"
"03__09","not_in_panel","in_join_map"
"03__10","not_in_panel","in_join_map"
"03__11","not_in_panel","in_join_map"
"03__12","not_in_panel","in_join_map"
"03__13","not_in_panel","in_join_map"
"03__14","not_in_panel","in_join_map"
"03__15","not_in_panel","in_join_map"
"03__16","not_in_panel","in_join_map"
"03__17","not_in_panel","in_join_map"
"03__18","not_in_panel","in_join_map"
"03__19","not_in_panel","in_join_map"
"03__20","not_in_panel","in_join_map"
"03__21","not_in_panel","in_join_map"
"03__22","not_in_panel","in_join_map"
"04__01","not_in_panel","in_join_map"
"04__04101","not_in_panel","in_join_map"
"05__01","not_in_panel","in_join_map"
"05__02","not_in_panel","in_join_map"
"05__03","not_in_panel","in_join_map"
"05__04","not_in_panel","in_join_map"
"05__05","not_in_panel","in_join_map"
"05__05101","not_in_panel","in_join_map"
"05__05102","not_in_panel","in_join_map"
"05__05103","not_in_panel","in_join_map"
"05__05104","not_in_panel","in_join_map"
"05__05105","not_in_panel","in_join_map"
"05__05106","not_in_panel","in_join_map"
"05__05107","not_in_panel","in_join_map"
"05__05108","not_in_panel","in_join_map"
"05__05109","not_in_panel","in_join_map"
"05__05110","not_in_panel","in_join_map"
"05__05111","not_in_panel","in_join_map"
"05__05112","not_in_panel","in_join_map"
"05__05113","not_in_panel","in_join_map"
"05__06","not_in_panel","in_join_map"
"05__07","not_in_panel","in_join_map"
"05__08","not_in_panel","in_join_map"
"05__09","not_in_panel","in_join_map"
"05__10","not_in_panel","in_join_map"
"05__11","not_in_panel","in_join_map"
"05__12","not_in_panel","in_join_map"
"05__13","not_in_panel","in_join_map"
"06__01","not_in_panel","in_join_map"
"06__02","not_in_panel","in_join_map"
"06__03","not_in_panel","in_join_map"
"06__04","not_in_panel","in_join_map"
"06__05","not_in_panel","in_join_map"
"06__06","not_in_panel","in_join_map"
"06__06101","not_in_panel","in_join_map"
"06__06102","not_in_panel","in_join_map"
"06__06103","not_in_panel","in_join_map"
"06__06104","not_in_panel","in_join_map"
"06__06105","not_in_panel","in_join_map"
"06__06106","not_in_panel","in_join_map"
"06__06107","not_in_panel","in_join_map"
"06__06108","not_in_panel","in_join_map"
"06__06114","not_in_panel","in_join_map"
"06__06115","not_in_panel","in_join_map"
"06__06118","not_in_panel","in_join_map"
"06__06119","not_in_panel","in_join_map"
"06__06209","not_in_panel","in_join_map"
"06__06210","not_in_panel","in_join_map"
"06__06211","not_in_panel","in_join_map"
"06__06212","not_in_panel","in_join_map"
"06__06213","not_in_panel","in_join_map"
"06__06216","not_in_panel","in_join_map"
"06__06217","not_in_panel","in_join_map"
"06__07","not_in_panel","in_join_map"
"06__08","not_in_panel","in_join_map"
"06__09","not_in_panel","in_join_map"
"06__10","not_in_panel","in_join_map"
"06__11","not_in_panel","in_join_map"
"06__12","not_in_panel","in_join_map"
"06__13","not_in_panel","in_join_map"
"06__14","not_in_panel","in_join_map"
"06__15","not_in_panel","in_join_map"
"06__16","not_in_panel","in_join_map"
"06__17","not_in_panel","in_join_map"
"06__18","not_in_panel","in_join_map"
"06__19","not_in_panel","in_join_map"
"06__20","not_in_panel","in_join_map"
"06__21","not_in_panel","in_join_map"
"07__01","not_in_panel","in_join_map"
"07__02","not_in_panel","in_join_map"
"07__03","not_in_panel","in_join_map"
"07__04","not_in_panel","in_join_map"
"07__05","not_in_panel","in_join_map"
"07__06","not_in_panel","in_join_map"
"07__07","not_in_panel","in_join_map"
"07__07101","not_in_panel","in_join_map"
"07__07102","not_in_panel","in_join_map"
"07__07103","not_in_panel","in_join_map"
"07__07104","not_in_panel","in_join_map"
"07__07107","not_in_panel","in_join_map"
"07__07108","not_in_panel","in_join_map"
"07__07109","not_in_panel","in_join_map"
"07__08","not_in_panel","in_join_map"
"07__09","not_in_panel","in_join_map"
"08__01","not_in_panel","in_join_map"
"08__02","not_in_panel","in_join_map"
"08__03","not_in_panel","in_join_map"
"08__04","not_in_panel","in_join_map"
"08__05","not_in_panel","in_join_map"
"08__06","not_in_panel","in_join_map"
"08__07","not_in_panel","in_join_map"
"08__08","not_in_panel","in_join_map"
"08__08103","not_in_panel","in_join_map"
"08__08115","not_in_panel","in_join_map"
"08__08116","not_in_panel","in_join_map"
"08__08117","not_in_panel","in_join_map"
"08__08118","not_in_panel","in_join_map"
"08__08119","not_in_panel","in_join_map"
"08__08120","not_in_panel","in_join_map"
"08__08206","not_in_panel","in_join_map"
"08__08207","not_in_panel","in_join_map"
"08__08208","not_in_panel","in_join_map"
"08__08209","not_in_panel","in_join_map"
"08__08210","not_in_panel","in_join_map"
"08__08211","not_in_panel","in_join_map"
"08__08212","not_in_panel","in_join_map"
"08__08221","not_in_panel","in_join_map"
"08__08222","not_in_panel","in_join_map"
"08__08224","not_in_panel","in_join_map"
"08__08325","not_in_panel","in_join_map"
"08__08326","not_in_panel","in_join_map"
"08__08327","not_in_panel","in_join_map"
"08__08328","not_in_panel","in_join_map"
"08__08423","not_in_panel","in_join_map"
"08__08429","not_in_panel","in_join_map"
"08__08430","not_in_panel","in_join_map"
"08__08431","not_in_panel","in_join_map"
"08__08432","not_in_panel","in_join_map"
"08__08501","not_in_panel","in_join_map"
"08__08502","not_in_panel","in_join_map"
"08__08504","not_in_panel","in_join_map"
"08__08505","not_in_panel","in_join_map"
"08__08513","not_in_panel","in_join_map"
"08__08514","not_in_panel","in_join_map"
"08__09","not_in_panel","in_join_map"
"08__10","not_in_panel","in_join_map"
"08__11","not_in_panel","in_join_map"
"08__12","not_in_panel","in_join_map"
"08__13","not_in_panel","in_join_map"
"08__14","not_in_panel","in_join_map"
"08__15","not_in_panel","in_join_map"
"08__16","not_in_panel","in_join_map"
"08__17","not_in_panel","in_join_map"
"08__18","not_in_panel","in_join_map"
"08__19","not_in_panel","in_join_map"
"08__20","not_in_panel","in_join_map"
"08__21","not_in_panel","in_join_map"
"08__22","not_in_panel","in_join_map"
"08__23","not_in_panel","in_join_map"
"08__24","not_in_panel","in_join_map"
"08__25","not_in_panel","in_join_map"
"08__26","not_in_panel","in_join_map"
"08__27","not_in_panel","in_join_map"
"08__28","not_in_panel","in_join_map"
"08__29","not_in_panel","in_join_map"
"08__30","not_in_panel","in_join_map"
"08__31","not_in_panel","in_join_map"
"08__32","not_in_panel","in_join_map"
"08__33","not_in_panel","in_join_map"
"09__01","not_in_panel","in_join_map"
"09__02","not_in_panel","in_join_map"
"09__03","not_in_panel","in_join_map"
"09__04","not_in_panel","in_join_map"
"09__05","not_in_panel","in_join_map"
"09__06","not_in_panel","in_join_map"
"09__07","not_in_panel","in_join_map"
"09__08","not_in_panel","in_join_map"
"09__09","not_in_panel","in_join_map"
"09__09101","not_in_panel","in_join_map"
"09__09102","not_in_panel","in_join_map"
"09__09103","not_in_panel","in_join_map"
"09__09104","not_in_panel","in_join_map"
"09__09105","not_in_panel","in_join_map"
"09__09106","not_in_panel","in_join_map"
"09__09107","not_in_panel","in_join_map"
"09__09108","not_in_panel","in_join_map"
"09__09109","not_in_panel","in_join_map"
"09__09110","not_in_panel","in_join_map"
"09__09224","not_in_panel","in_join_map"
"09__09225","not_in_panel","in_join_map"
"09__09226","not_in_panel","in_join_map"
"09__09227","not_in_panel","in_join_map"
"09__09228","not_in_panel","in_join_map"
"09__09233","not_in_panel","in_join_map"
"09__09234","not_in_panel","in_join_map"
"09__09242","not_in_panel","in_join_map"
"09__09246","not_in_panel","in_join_map"
"09__09343","not_in_panel","in_join_map"
"09__09344","not_in_panel","in_join_map"
"09__09345","not_in_panel","in_join_map"
"09__09347","not_in_panel","in_join_map"
"09__09348","not_in_panel","in_join_map"
"09__09349","not_in_panel","in_join_map"
"09__09350","not_in_panel","in_join_map"
"09__09351","not_in_panel","in_join_map"
"09__09352","not_in_panel","in_join_map"
"09__09353","not_in_panel","in_join_map"
"09__09354","not_in_panel","in_join_map"
"09__09355","not_in_panel","in_join_map"
"09__09356","not_in_panel","in_join_map"
"09__09357","not_in_panel","in_join_map"
"09__09358","not_in_panel","in_join_map"
"09__09359","not_in_panel","in_join_map"
"09__09360","not_in_panel","in_join_map"
"09__09361","not_in_panel","in_join_map"
"09__09362","not_in_panel","in_join_map"
"09__09363","not_in_panel","in_join_map"
"09__09364","not_in_panel","in_join_map"
"09__09365","not_in_panel","in_join_map"
"09__09366","not_in_panel","in_join_map"
"09__09367","not_in_panel","in_join_map"
"09__09368","not_in_panel","in_join_map"
"09__09369","not_in_panel","in_join_map"
"09__09370","not_in_panel","in_join_map"
"09__09435","not_in_panel","in_join_map"
"09__09436","not_in_panel","in_join_map"
"09__09437","not_in_panel","in_join_map"
"09__09438","not_in_panel","in_join_map"
"09__09439","not_in_panel","in_join_map"
"09__09440","not_in_panel","in_join_map"
"09__09441","not_in_panel","in_join_map"
"09__09511","not_in_panel","in_join_map"
"09__09512","not_in_panel","in_join_map"
"09__09513","not_in_panel","in_join_map"
"09__09514","not_in_panel","in_join_map"
"09__09515","not_in_panel","in_join_map"
"09__09516","not_in_panel","in_join_map"
"09__09517","not_in_panel","in_join_map"
"09__09518","not_in_panel","in_join_map"
"09__09519","not_in_panel","in_join_map"
"09__09520","not_in_panel","in_join_map"
"09__09521","not_in_panel","in_join_map"
"09__09522","not_in_panel","in_join_map"
"09__09523","not_in_panel","in_join_map"
"09__09529","not_in_panel","in_join_map"
"09__09530","not_in_panel","in_join_map"
"09__09531","not_in_panel","in_join_map"
"09__09532","not_in_panel","in_join_map"
"09__10","not_in_panel","in_join_map"
"09__11","not_in_panel","in_join_map"
"09__12","not_in_panel","in_join_map"
"09__13","not_in_panel","in_join_map"
"09__14","not_in_panel","in_join_map"
"09__15","not_in_panel","in_join_map"
"09__16","not_in_panel","in_join_map"
"09__17","not_in_panel","in_join_map"
"09__18","not_in_panel","in_join_map"
"09__19","not_in_panel","in_join_map"
"09__20","not_in_panel","in_join_map"
"09__21","not_in_panel","in_join_map"
"09__22","not_in_panel","in_join_map"
"09__23","not_in_panel","in_join_map"
"09__24","not_in_panel","in_join_map"
"09__25","not_in_panel","in_join_map"
"09__26","not_in_panel","in_join_map"
"09__27","not_in_panel","in_join_map"
"09__28","not_in_panel","in_join_map"
"09__29","not_in_panel","in_join_map"
"09__30","not_in_panel","in_join_map"
"09__31","not_in_panel","in_join_map"
"09__32","not_in_panel","in_join_map"
"09__33","not_in_panel","in_join_map"
"09__34","not_in_panel","in_join_map"
"09__35","not_in_panel","in_join_map"
"09__36","not_in_panel","in_join_map"
"09__37","not_in_panel","in_join_map"
"09__38","not_in_panel","in_join_map"
"09__39","not_in_panel","in_join_map"
"09__40","not_in_panel","in_join_map"
"09__41","not_in_panel","in_join_map"
"09__42","not_in_panel","in_join_map"
"09__43","not_in_panel","in_join_map"
"09__44","not_in_panel","in_join_map"
"09__45","not_in_panel","in_join_map"
"09__46","not_in_panel","in_join_map"
"09__47","not_in_panel","in_join_map"
"09__48","not_in_panel","in_join_map"
"09__49","not_in_panel","in_join_map"
"09__50","not_in_panel","in_join_map"
"09__51","not_in_panel","in_join_map"
"09__52","not_in_panel","in_join_map"
"09__53","not_in_panel","in_join_map"
"09__54","not_in_panel","in_join_map"
"09__55","not_in_panel","in_join_map"
"09__56","not_in_panel","in_join_map"
"09__57","not_in_panel","in_join_map"
"09__58","not_in_panel","in_join_map"
"09__59","not_in_panel","in_join_map"
"09__60","not_in_panel","in_join_map"
"09__61","not_in_panel","in_join_map"
"09__62","not_in_panel","in_join_map"
"09__63","not_in_panel","in_join_map"
"09__64","not_in_panel","in_join_map"
"09__65","not_in_panel","in_join_map"
"09__66","not_in_panel","in_join_map"
"09__67","not_in_panel","in_join_map"
"09__68","not_in_panel","in_join_map"
"09__69","not_in_panel","in_join_map"
"09__70","not_in_panel","in_join_map"
"09__71","not_in_panel","in_join_map"
"10__01","not_in_panel","in_join_map"
"10__02","not_in_panel","in_join_map"
"10__03","not_in_panel","in_join_map"
"10__04","not_in_panel","in_join_map"
"10__05","not_in_panel","in_join_map"
"10__06","not_in_panel","in_join_map"
"10__07","not_in_panel","in_join_map"
"10__08","not_in_panel","in_join_map"
"10__09","not_in_panel","in_join_map"
"10__10","not_in_panel","in_join_map"
"10__10101","not_in_panel","in_join_map"
"10__10102","not_in_panel","in_join_map"
"10__10103","not_in_panel","in_join_map"
"10__10104","not_in_panel","in_join_map"
"10__10105","not_in_panel","in_join_map"
"10__10106","not_in_panel","in_join_map"
"10__10107","not_in_panel","in_join_map"
"10__10108","not_in_panel","in_join_map"
"10__10109","not_in_panel","in_join_map"
"10__10110","not_in_panel","in_join_map"
"10__10111","not_in_panel","in_join_map"
"10__10112","not_in_panel","in_join_map"
"10__10113","not_in_panel","in_join_map"
"10__10114","not_in_panel","in_join_map"
"10__10115","not_in_panel","in_join_map"
"10__10116","not_in_panel","in_join_map"
"10__10117","not_in_panel","in_join_map"
"10__10118","not_in_panel","in_join_map"
"10__10119","not_in_panel","in_join_map"
"10__10120","not_in_panel","in_join_map"
"10__10121","not_in_panel","in_join_map"
"10__10222","not_in_panel","in_join_map"
"10__10223","not_in_panel","in_join_map"
"10__10224","not_in_panel","in_join_map"
"10__10225","not_in_panel","in_join_map"
"10__10226","not_in_panel","in_join_map"
"10__10227","not_in_panel","in_join_map"
"10__10228","not_in_panel","in_join_map"
"10__10229","not_in_panel","in_join_map"
"10__10230","not_in_panel","in_join_map"
"10__10231","not_in_panel","in_join_map"
"10__10232","not_in_panel","in_join_map"
"10__10233","not_in_panel","in_join_map"
"10__10234","not_in_panel","in_join_map"
"10__10235","not_in_panel","in_join_map"
"10__10236","not_in_panel","in_join_map"
"10__10237","not_in_panel","in_join_map"
"10__11","not_in_panel","in_join_map"
"10__12","not_in_panel","in_join_map"
"10__13","not_in_panel","in_join_map"
"10__14","not_in_panel","in_join_map"
"10__15","not_in_panel","in_join_map"
"10__16","not_in_panel","in_join_map"
"10__17","not_in_panel","in_join_map"
"10__18","not_in_panel","in_join_map"
"10__19","not_in_panel","in_join_map"
"10__20","not_in_panel","in_join_map"
"10__21","not_in_panel","in_join_map"
"10__22","not_in_panel","in_join_map"
"10__23","not_in_panel","in_join_map"
"10__24","not_in_panel","in_join_map"
"10__25","not_in_panel","in_join_map"
"10__26","not_in_panel","in_join_map"
"10__27","not_in_panel","in_join_map"
"10__28","not_in_panel","in_join_map"
"10__29","not_in_panel","in_join_map"
"10__30","not_in_panel","in_join_map"
"10__31","not_in_panel","in_join_map"
"10__32","not_in_panel","in_join_map"
"10__33","not_in_panel","in_join_map"
"10__34","not_in_panel","in_join_map"
"10__35","not_in_panel","in_join_map"
"10__36","not_in_panel","in_join_map"
"10__37","not_in_panel","in_join_map"
"10__38","not_in_panel","in_join_map"
"11__01","not_in_panel","in_join_map"
"11__02","not_in_panel","in_join_map"
"11__03","not_in_panel","in_join_map"
"11__04","not_in_panel","in_join_map"
"11__11101","not_in_panel","in_join_map"
"11__11102","not_in_panel","in_join_map"
"11__11103","not_in_panel","in_join_map"
"11__11104","not_in_panel","in_join_map"
"12__01","not_in_panel","in_join_map"
"12__02","not_in_panel","in_join_map"
"12__03","not_in_panel","in_join_map"
"12__04","not_in_panel","in_join_map"
"12__05","not_in_panel","in_join_map"
"12__06","not_in_panel","in_join_map"
"12__07","not_in_panel","in_join_map"
"12__08","not_in_panel","in_join_map"
"12__09","not_in_panel","in_join_map"
"12__10","not_in_panel","in_join_map"
"12__11","not_in_panel","in_join_map"
"12__12","not_in_panel","in_join_map"
"12__12101","not_in_panel","in_join_map"
"12__12102","not_in_panel","in_join_map"
"12__12103","not_in_panel","in_join_map"
"12__12104","not_in_panel","in_join_map"
"12__12105","not_in_panel","in_join_map"
"12__12106","not_in_panel","in_join_map"
"12__12107","not_in_panel","in_join_map"
"12__12108","not_in_panel","in_join_map"
"12__12109","not_in_panel","in_join_map"
"12__12110","not_in_panel","in_join_map"
"12__12111","not_in_panel","in_join_map"
"12__12112","not_in_panel","in_join_map"
"12__12113","not_in_panel","in_join_map"
"12__13","not_in_panel","in_join_map"
"12__14","not_in_panel","in_join_map"
"12__15","not_in_panel","in_join_map"
"12__16","not_in_panel","in_join_map"
"13__01","not_in_panel","in_join_map"
"13__02","not_in_panel","in_join_map"
"13__03","not_in_panel","in_join_map"
"13__04","not_in_panel","in_join_map"
"13__05","not_in_panel","in_join_map"
"13__06","not_in_panel","in_join_map"
"13__07","not_in_panel","in_join_map"
"13__08","not_in_panel","in_join_map"
"13__09","not_in_panel","in_join_map"
"13__10","not_in_panel","in_join_map"
"13__11","not_in_panel","in_join_map"
"13__13101","not_in_panel","in_join_map"
"13__13102","not_in_panel","in_join_map"
"13__13103","not_in_panel","in_join_map"
"13__13104","not_in_panel","in_join_map"
"13__13105","not_in_panel","in_join_map"
"13__13106","not_in_panel","in_join_map"
"13__13107","not_in_panel","in_join_map"
"13__13108","not_in_panel","in_join_map"
"14__01","not_in_panel","in_join_map"
"14__02","not_in_panel","in_join_map"
"14__03","not_in_panel","in_join_map"
"14__04","not_in_panel","in_join_map"
"14__05","not_in_panel","in_join_map"
"14__06","not_in_panel","in_join_map"
"14__07","not_in_panel","in_join_map"
"14__08","not_in_panel","in_join_map"
"14__09","not_in_panel","in_join_map"
"14__14104","not_in_panel","in_join_map"
"14__14105","not_in_panel","in_join_map"
"14__14106","not_in_panel","in_join_map"
"14__14107","not_in_panel","in_join_map"
"14__14201","not_in_panel","in_join_map"
"14__14202","not_in_panel","in_join_map"
"14__14203","not_in_panel","in_join_map"
"14__14208","not_in_panel","in_join_map"
"14__14209","not_in_panel","in_join_map"
"15__01","not_in_panel","in_join_map"
"15__02","not_in_panel","in_join_map"
"15__03","not_in_panel","in_join_map"
"15__04","not_in_panel","in_join_map"
"15__05","not_in_panel","in_join_map"
"15__06","not_in_panel","in_join_map"
"15__07","not_in_panel","in_join_map"
"15__08","not_in_panel","in_join_map"
"15__15101","not_in_panel","in_join_map"
"15__15102","not_in_panel","in_join_map"
"15__15103","not_in_panel","in_join_map"
"15__15104","not_in_panel","in_join_map"
"15__15105","not_in_panel","in_join_map"
"15__15106","not_in_panel","in_join_map"
"15__15107","not_in_panel","in_join_map"
"15__15108","not_in_panel","in_join_map"
"16__01","not_in_panel","in_join_map"
"16__02","not_in_panel","in_join_map"
"16__03","not_in_panel","in_join_map"
"16__04","not_in_panel","in_join_map"
"16__16101","not_in_panel","in_join_map"
"16__16102","not_in_panel","in_join_map"
"16__16103","not_in_panel","in_join_map"
"16__16104","not_in_panel","in_join_map"
"17__01","not_in_panel","in_join_map"
"17__02","not_in_panel","in_join_map"
"17__03","not_in_panel","in_join_map"
"17__04","not_in_panel","in_join_map"
"17__05","not_in_panel","in_join_map"
"17__06","not_in_panel","in_join_map"
"17__07","not_in_panel","in_join_map"
"17__17101","not_in_panel","in_join_map"
"17__17102","not_in_panel","in_join_map"
"17__17103","not_in_panel","in_join_map"
"17__17104","not_in_panel","in_join_map"
"17__17105","not_in_panel","in_join_map"
"17__17106","not_in_panel","in_join_map"
"17__17107","not_in_panel","in_join_map"
"18__01","not_in_panel","in_join_map"
"18__02","not_in_panel","in_join_map"
"18__03","not_in_panel","in_join_map"
"18__04","not_in_panel","in_join_map"
"18__05","not_in_panel","in_join_map"
"18__06","not_in_panel","in_join_map"
"18__07","not_in_panel","in_join_map"
"18__08","not_in_panel","in_join_map"
"18__09","not_in_panel","in_join_map"
"18__10","not_in_panel","in_join_map"
"18__11","not_in_panel","in_join_map"
"18__12","not_in_panel","in_join_map"
"18__13","not_in_panel","in_join_map"
"18__14","not_in_panel","in_join_map"
"18__15","not_in_panel","in_join_map"
"18__16","not_in_panel","in_join_map"
"18__17","not_in_panel","in_join_map"
"18__18","not_in_panel","in_join_map"
"18__18112","not_in_panel","in_join_map"
"18__18113","not_in_panel","in_join_map"
"18__18114","not_in_panel","in_join_map"
"18__18115","not_in_panel","in_join_map"
"18__18116","not_in_panel","in_join_map"
"18__18117","not_in_panel","in_join_map"
"18__18118","not_in_panel","in_join_map"
"18__18201","not_in_panel","in_join_map"
"18__18202","not_in_panel","in_join_map"
"18__18203","not_in_panel","in_join_map"
"18__18204","not_in_panel","in_join_map"
"18__18205","not_in_panel","in_join_map"
"18__18206","not_in_panel","in_join_map"
"18__18207","not_in_panel","in_join_map"
"18__18319","not_in_panel","in_join_map"
"18__18320","not_in_panel","in_join_map"
"18__18321","not_in_panel","in_join_map"
"18__18322","not_in_panel","in_join_map"
"18__18323","not_in_panel","in_join_map"
"18__18408","not_in_panel","in_join_map"
"18__18409","not_in_panel","in_join_map"
"18__18410","not_in_panel","in_join_map"
"18__18411","not_in_panel","in_join_map"
"18__19","not_in_panel","in_join_map"
"18__20","not_in_panel","in_join_map"
"18__21","not_in_panel","in_join_map"
"18__22","not_in_panel","in_join_map"
"18__23","not_in_panel","in_join_map"
"18__24","not_in_panel","in_join_map"
"18__25","not_in_panel","in_join_map"
"18__26","not_in_panel","in_join_map"
"18__27","not_in_panel","in_join_map"
"19__01","not_in_panel","in_join_map"
"19__02","not_in_panel","in_join_map"
"19__03","not_in_panel","in_join_map"
"19__04","not_in_panel","in_join_map"
"19__05","not_in_panel","in_join_map"
"19__06","not_in_panel","in_join_map"
"19__07","not_in_panel","in_join_map"
"19__08","not_in_panel","in_join_map"
"19__09","not_in_panel","in_join_map"
"19__10","not_in_panel","in_join_map"
"19__11","not_in_panel","in_join_map"
"19__12","not_in_panel","in_join_map"
"19__13","not_in_panel","in_join_map"
"19__14","not_in_panel","in_join_map"
"19__15","not_in_panel","in_join_map"
"19__16","not_in_panel","in_join_map"
"19__17","not_in_panel","in_join_map"
"19__18","not_in_panel","in_join_map"
"19__19","not_in_panel","in_join_map"
"19__19101","not_in_panel","in_join_map"
"19__19102","not_in_panel","in_join_map"
"19__19103","not_in_panel","in_join_map"
"19__19204","not_in_panel","in_join_map"
"19__19205","not_in_panel","in_join_map"
"19__19206","not_in_panel","in_join_map"
"19__19207","not_in_panel","in_join_map"
"19__19208","not_in_panel","in_join_map"
"19__19210","not_in_panel","in_join_map"
"19__19311","not_in_panel","in_join_map"
"19__19317","not_in_panel","in_join_map"
"19__19318","not_in_panel","in_join_map"
"19__19409","not_in_panel","in_join_map"
"19__19412","not_in_panel","in_join_map"
"19__19416","not_in_panel","in_join_map"
"19__19513","not_in_panel","in_join_map"
"19__19514","not_in_panel","in_join_map"
"19__19515","not_in_panel","in_join_map"
"20__01","not_in_panel","in_join_map"
"20__02","not_in_panel","in_join_map"
"20__03","not_in_panel","in_join_map"
"20__04","not_in_panel","in_join_map"
"20__05","not_in_panel","in_join_map"
"20__06","not_in_panel","in_join_map"
"20__07","not_in_panel","in_join_map"
"20__08","not_in_panel","in_join_map"
"20__09","not_in_panel","in_join_map"
"20__10","not_in_panel","in_join_map"
"20__11","not_in_panel","in_join_map"
"20__12","not_in_panel","in_join_map"
"20__13","not_in_panel","in_join_map"
"20__14","not_in_panel","in_join_map"
"20__15","not_in_panel","in_join_map"
"20__16","not_in_panel","in_join_map"
"20__17","not_in_panel","in_join_map"
"20__18","not_in_panel","in_join_map"
"20__19","not_in_panel","in_join_map"
"20__20","not_in_panel","in_join_map"
"20__20101","not_in_panel","in_join_map"
"20__20102","not_in_panel","in_join_map"
"20__20114","not_in_panel","in_join_map"
"20__20115","not_in_panel","in_join_map"
"20__20116","not_in_panel","in_join_map"
"20__20117","not_in_panel","in_join_map"
"20__20118","not_in_panel","in_join_map"
"20__20203","not_in_panel","in_join_map"
"20__20204","not_in_panel","in_join_map"
"20__20205","not_in_panel","in_join_map"
"20__20206","not_in_panel","in_join_map"
"20__20207","not_in_panel","in_join_map"
"20__20208","not_in_panel","in_join_map"
"20__20209","not_in_panel","in_join_map"
"20__20210","not_in_panel","in_join_map"
"20__20211","not_in_panel","in_join_map"
"20__20212","not_in_panel","in_join_map"
"20__20213","not_in_panel","in_join_map"
"20__21","not_in_panel","in_join_map"
"20__22","not_in_panel","in_join_map"
"20__23","not_in_panel","in_join_map"
"20__24","not_in_panel","in_join_map"
"21__01","not_in_panel","in_join_map"
"21__02","not_in_panel","in_join_map"
"21__03","not_in_panel","in_join_map"
"21__04","not_in_panel","in_join_map"
"21__05","not_in_panel","in_join_map"
"21__06","not_in_panel","in_join_map"
"21__07","not_in_panel","in_join_map"
"21__08","not_in_panel","in_join_map"
"21__09","not_in_panel","in_join_map"
"21__10","not_in_panel","in_join_map"
"21__11","not_in_panel","in_join_map"
"21__12","not_in_panel","in_join_map"
"21__13","not_in_panel","in_join_map"
"21__14","not_in_panel","in_join_map"
"21__15","not_in_panel","in_join_map"
"21__16","not_in_panel","in_join_map"
"21__17","not_in_panel","in_join_map"
"21__18","not_in_panel","in_join_map"
"21__19","not_in_panel","in_join_map"
"21__20","not_in_panel","in_join_map"
"21__21","not_in_panel","in_join_map"
"21__21108","not_in_panel","in_join_map"
"21__21109","not_in_panel","in_join_map"
"21__21110","not_in_panel","in_join_map"
"21__21111","not_in_panel","in_join_map"
"21__21112","not_in_panel","in_join_map"
"21__21113","not_in_panel","in_join_map"
"21__21116","not_in_panel","in_join_map"
"21__21117","not_in_panel","in_join_map"
"21__21118","not_in_panel","in_join_map"
"21__21219","not_in_panel","in_join_map"
"21__21220","not_in_panel","in_join_map"
"21__21221","not_in_panel","in_join_map"
"21__21222","not_in_panel","in_join_map"
"21__21223","not_in_panel","in_join_map"
"21__21224","not_in_panel","in_join_map"
"21__21225","not_in_panel","in_join_map"
"21__21226","not_in_panel","in_join_map"
"21__21227","not_in_panel","in_join_map"
"21__21228","not_in_panel","in_join_map"
"21__21229","not_in_panel","in_join_map"
"21__21230","not_in_panel","in_join_map"
"21__21301","not_in_panel","in_join_map"
"21__21302","not_in_panel","in_join_map"
"21__21303","not_in_panel","in_join_map"
"21__21304","not_in_panel","in_join_map"
"21__21305","not_in_panel","in_join_map"
"21__21306","not_in_panel","in_join_map"
"21__21307","not_in_panel","in_join_map"
"21__21314","not_in_panel","in_join_map"
"21__21315","not_in_panel","in_join_map"
"21__22","not_in_panel","in_join_map"
"21__23","not_in_panel","in_join_map"
"21__24","not_in_panel","in_join_map"
"21__25","not_in_panel","in_join_map"
"21__26","not_in_panel","in_join_map"
"21__27","not_in_panel","in_join_map"
"21__28","not_in_panel","in_join_map"
"21__29","not_in_panel","in_join_map"
"21__30","not_in_panel","in_join_map"
"22__01","not_in_panel","in_join_map"
"22__02","not_in_panel","in_join_map"
"22__03","not_in_panel","in_join_map"
"22__04","not_in_panel","in_join_map"
"22__05","not_in_panel","in_join_map"
"22__06","not_in_panel","in_join_map"
"22__07","not_in_panel","in_join_map"
"22__08","not_in_panel","in_join_map"
"22__09","not_in_panel","in_join_map"
"22__10","not_in_panel","in_join_map"
"22__11","not_in_panel","in_join_map"
"22__12","not_in_panel","in_join_map"
"22__13","not_in_panel","in_join_map"
"22__14","not_in_panel","in_join_map"
"22__15","not_in_panel","in_join_map"
"22__16","not_in_panel","in_join_map"
"22__17","not_in_panel","in_join_map"
"22__18","not_in_panel","in_join_map"
"22__19","not_in_panel","in_join_map"
"22__20","not_in_panel","in_join_map"
"22__21","not_in_panel","in_join_map"
"22__22","not_in_panel","in_join_map"
"22__22101","not_in_panel","in_join_map"
"22__22102","not_in_panel","in_join_map"
"22__22203","not_in_panel","in_join_map"
"22__22204","not_in_panel","in_join_map"
"22__22205","not_in_panel","in_join_map"
"22__22206","not_in_panel","in_join_map"
"22__22207","not_in_panel","in_join_map"
"22__22208","not_in_panel","in_join_map"
"22__22209","not_in_panel","in_join_map"
"22__22210","not_in_panel","in_join_map"
"22__22211","not_in_panel","in_join_map"
"22__22212","not_in_panel","in_join_map"
"22__22213","not_in_panel","in_join_map"
"22__22314","not_in_panel","in_join_map"
"22__22315","not_in_panel","in_join_map"
"22__22316","not_in_panel","in_join_map"
"22__23","not_in_panel","in_join_map"
"22__24","not_in_panel","in_join_map"
"22__25","not_in_panel","in_join_map"
"22__26","not_in_panel","in_join_map"
"22__27","not_in_panel","in_join_map"
"23__01","not_in_panel","in_join_map"
"23__02","not_in_panel","in_join_map"
"23__03","not_in_panel","in_join_map"
"23__04","not_in_panel","in_join_map"
"23__05","not_in_panel","in_join_map"
"23__06","not_in_panel","in_join_map"
"23__07","not_in_panel","in_join_map"
"23__08","not_in_panel","in_join_map"
"23__09","not_in_panel","in_join_map"
"23__10","not_in_panel","in_join_map"
"23__11","not_in_panel","in_join_map"
"23__12","not_in_panel","in_join_map"
"23__13","not_in_panel","in_join_map"
"23__14","not_in_panel","in_join_map"
"23__15","not_in_panel","in_join_map"
"23__16","not_in_panel","in_join_map"
"23__17","not_in_panel","in_join_map"
"23__18","not_in_panel","in_join_map"
"23__19","not_in_panel","in_join_map"
"23__20","not_in_panel","in_join_map"
"23__21","not_in_panel","in_join_map"
"23__22","not_in_panel","in_join_map"
"23__23","not_in_panel","in_join_map"
"23__23108","not_in_panel","in_join_map"
"23__23109","not_in_panel","in_join_map"
"23__23110","not_in_panel","in_join_map"
"23__23113","not_in_panel","in_join_map"
"23__23114","not_in_panel","in_join_map"
"23__23115","not_in_panel","in_join_map"
"23__23116","not_in_panel","in_join_map"
"23__23117","not_in_panel","in_join_map"
"23__23211","not_in_panel","in_join_map"
"23__23212","not_in_panel","in_join_map"
"23__23231","not_in_panel","in_join_map"
"23__23232","not_in_panel","in_join_map"
"23__23233","not_in_panel","in_join_map"
"23__23234","not_in_panel","in_join_map"
"23__23318","not_in_panel","in_join_map"
"23__23319","not_in_panel","in_join_map"
"23__23320","not_in_panel","in_join_map"
"23__23321","not_in_panel","in_join_map"
"23__23322","not_in_panel","in_join_map"
"23__23323","not_in_panel","in_join_map"
"23__23324","not_in_panel","in_join_map"
"23__23325","not_in_panel","in_join_map"
"23__23326","not_in_panel","in_join_map"
"23__23330","not_in_panel","in_join_map"
"23__23438","not_in_panel","in_join_map"
"23__23439","not_in_panel","in_join_map"
"23__23440","not_in_panel","in_join_map"
"23__23441","not_in_panel","in_join_map"
"23__23442","not_in_panel","in_join_map"
"23__23443","not_in_panel","in_join_map"
"23__23444","not_in_panel","in_join_map"
"23__23445","not_in_panel","in_join_map"
"23__23527","not_in_panel","in_join_map"
"23__23528","not_in_panel","in_join_map"
"23__23529","not_in_panel","in_join_map"
"23__23535","not_in_panel","in_join_map"
"23__23536","not_in_panel","in_join_map"
"23__23537","not_in_panel","in_join_map"
"23__23601","not_in_panel","in_join_map"
"23__23602","not_in_panel","in_join_map"
"23__23603","not_in_panel","in_join_map"
"23__23604","not_in_panel","in_join_map"
"23__23605","not_in_panel","in_join_map"
"23__23606","not_in_panel","in_join_map"
"23__23607","not_in_panel","in_join_map"
"23__24","not_in_panel","in_join_map"
"23__25","not_in_panel","in_join_map"
"23__26","not_in_panel","in_join_map"
"23__27","not_in_panel","in_join_map"
"23__28","not_in_panel","in_join_map"
"23__29","not_in_panel","in_join_map"
"23__30","not_in_panel","in_join_map"
"23__31","not_in_panel","in_join_map"
"23__32","not_in_panel","in_join_map"
"23__33","not_in_panel","in_join_map"
"23__34","not_in_panel","in_join_map"
"23__35","not_in_panel","in_join_map"
"23__36","not_in_panel","in_join_map"
"23__37","not_in_panel","in_join_map"
"23__38","not_in_panel","in_join_map"
"23__39","not_in_panel","in_join_map"
"23__40","not_in_panel","in_join_map"
"23__41","not_in_panel","in_join_map"
"23__42","not_in_panel","in_join_map"
"23__43","not_in_panel","in_join_map"
"23__44","not_in_panel","in_join_map"
"23__45","not_in_panel","in_join_map"
"23__46","not_in_panel","in_join_map"
"23__47","not_in_panel","in_join_map"
"23__48","not_in_panel","in_join_map"
"23__49","not_in_panel","in_join_map"
"23__50","not_in_panel","in_join_map"
"24__01","not_in_panel","in_join_map"
"24__02","not_in_panel","in_join_map"
"24__03","not_in_panel","in_join_map"
"24__04","not_in_panel","in_join_map"
"24__05","not_in_panel","in_join_map"
"24__06","not_in_panel","in_join_map"
"24__07","not_in_panel","in_join_map"
"24__08","not_in_panel","in_join_map"
"24__09","not_in_panel","in_join_map"
"24__10","not_in_panel","in_join_map"
"24__11","not_in_panel","in_join_map"
"24__12","not_in_panel","in_join_map"
"24__13","not_in_panel","in_join_map"
"24__14","not_in_panel","in_join_map"
"24__15","not_in_panel","in_join_map"
"24__16","not_in_panel","in_join_map"
"24__17","not_in_panel","in_join_map"
"24__18","not_in_panel","in_join_map"
"24__19","not_in_panel","in_join_map"
"24__20","not_in_panel","in_join_map"
"24__21","not_in_panel","in_join_map"
"24__22","not_in_panel","in_join_map"
"24__23","not_in_panel","in_join_map"
"24__24","not_in_panel","in_join_map"
"24__24117","not_in_panel","in_join_map"
"24__24118","not_in_panel","in_join_map"
"24__24119","not_in_panel","in_join_map"
"24__24120","not_in_panel","in_join_map"
"24__24121","not_in_panel","in_join_map"
"24__24122","not_in_panel","in_join_map"
"24__24123","not_in_panel","in_join_map"
"24__24124","not_in_panel","in_join_map"
"24__24125","not_in_panel","in_join_map"
"24__24204","not_in_panel","in_join_map"
"24__24205","not_in_panel","in_join_map"
"24__24206","not_in_panel","in_join_map"
"24__24207","not_in_panel","in_join_map"
"24__24215","not_in_panel","in_join_map"
"24__24216","not_in_panel","in_join_map"
"24__24302","not_in_panel","in_join_map"
"24__24303","not_in_panel","in_join_map"
"24__24401","not_in_panel","in_join_map"
"24__24508","not_in_panel","in_join_map"
"24__24509","not_in_panel","in_join_map"
"24__24510","not_in_panel","in_join_map"
"24__24511","not_in_panel","in_join_map"
"24__24512","not_in_panel","in_join_map"
"24__24513","not_in_panel","in_join_map"
"24__24514","not_in_panel","in_join_map"
"24__25","not_in_panel","in_join_map"
"24__26","not_in_panel","in_join_map"
"25__01","not_in_panel","in_join_map"
"25__02","not_in_panel","in_join_map"
"25__25101","not_in_panel","in_join_map"
"25__25102","not_in_panel","in_join_map"
"26__01","not_in_panel","in_join_map"
"26__26101","not_in_panel","in_join_map"
"27__01","not_in_panel","in_join_map"
"27__02","not_in_panel","in_join_map"
"27__03","not_in_panel","in_join_map"
"27__04","not_in_panel","in_join_map"
"27__05","not_in_panel","in_join_map"
"27__06","not_in_panel","in_join_map"
"27__07","not_in_panel","in_join_map"
"27__08","not_in_panel","in_join_map"
"27__09","not_in_panel","in_join_map"
"27__10","not_in_panel","in_join_map"
"27__11","not_in_panel","in_join_map"
"27__12","not_in_panel","in_join_map"
"27__13","not_in_panel","in_join_map"
"27__14","not_in_panel","in_join_map"
"27__15","not_in_panel","in_join_map"
"27__16","not_in_panel","in_join_map"
"27__17","not_in_panel","in_join_map"
"27__18","not_in_panel","in_join_map"
"27__19","not_in_panel","in_join_map"
"27__20","not_in_panel","in_join_map"
"27__21","not_in_panel","in_join_map"
"27__22","not_in_panel","in_join_map"
"27__23","not_in_panel","in_join_map"
"27__24","not_in_panel","in_join_map"
"27__25","not_in_panel","in_join_map"
"27__26","not_in_panel","in_join_map"
"27__27","not_in_panel","in_join_map"
"27__27121","not_in_panel","in_join_map"
"27__27122","not_in_panel","in_join_map"
"27__27124","not_in_panel","in_join_map"
"27__27132","not_in_panel","in_join_map"
"27__27133","not_in_panel","in_join_map"
"27__27225","not_in_panel","in_join_map"
"27__27226","not_in_panel","in_join_map"
"27__27230","not_in_panel","in_join_map"
"27__27231","not_in_panel","in_join_map"
"27__27234","not_in_panel","in_join_map"
"27__27235","not_in_panel","in_join_map"
"27__27301","not_in_panel","in_join_map"
"27__27302","not_in_panel","in_join_map"
"27__27303","not_in_panel","in_join_map"
"27__27320","not_in_panel","in_join_map"
"27__27415","not_in_panel","in_join_map"
"27__27416","not_in_panel","in_join_map"
"27__27417","not_in_panel","in_join_map"
"27__27418","not_in_panel","in_join_map"
"27__27419","not_in_panel","in_join_map"
"27__27427","not_in_panel","in_join_map"
"27__27428","not_in_panel","in_join_map"
"27__27429","not_in_panel","in_join_map"
"27__27504","not_in_panel","in_join_map"
"27__27505","not_in_panel","in_join_map"
"27__27506","not_in_panel","in_join_map"
"27__27507","not_in_panel","in_join_map"
"27__27508","not_in_panel","in_join_map"
"27__27509","not_in_panel","in_join_map"
"27__27514","not_in_panel","in_join_map"
"27__27610","not_in_panel","in_join_map"
"27__27611","not_in_panel","in_join_map"
"27__27612","not_in_panel","in_join_map"
"27__27613","not_in_panel","in_join_map"
"27__28","not_in_panel","in_join_map"
"27__29","not_in_panel","in_join_map"
"27__30","not_in_panel","in_join_map"
"27__31","not_in_panel","in_join_map"
"27__32","not_in_panel","in_join_map"
"27__33","not_in_panel","in_join_map"
"27__34","not_in_panel","in_join_map"
"27__35","not_in_panel","in_join_map"
"28__01","not_in_panel","in_join_map"
"28__02","not_in_panel","in_join_map"
"28__03","not_in_panel","in_join_map"
"28__04","not_in_panel","in_join_map"
"28__05","not_in_panel","in_join_map"
"28__06","not_in_panel","in_join_map"
"28__07","not_in_panel","in_join_map"
"28__08","not_in_panel","in_join_map"
"28__09","not_in_panel","in_join_map"
"28__10","not_in_panel","in_join_map"
"28__11","not_in_panel","in_join_map"
"28__12","not_in_panel","in_join_map"
"28__13","not_in_panel","in_join_map"
"28__14","not_in_panel","in_join_map"
"28__15","not_in_panel","in_join_map"
"28__16","not_in_panel","in_join_map"
"28__17","not_in_panel","in_join_map"
"28__18","not_in_panel","in_join_map"
"28__19","not_in_panel","in_join_map"
"28__20","not_in_panel","in_join_map"
"28__21","not_in_panel","in_join_map"
"28__22","not_in_panel","in_join_map"
"28__23","not_in_panel","in_join_map"
"28__28111","not_in_panel","in_join_map"
"28__28112","not_in_panel","in_join_map"
"28__28113","not_in_panel","in_join_map"
"28__28114","not_in_panel","in_join_map"
"28__28115","not_in_panel","in_join_map"
"28__28216","not_in_panel","in_join_map"
"28__28217","not_in_panel","in_join_map"
"28__28218","not_in_panel","in_join_map"
"28__28219","not_in_panel","in_join_map"
"28__28301","not_in_panel","in_join_map"
"28__28302","not_in_panel","in_join_map"
"28__28304","not_in_panel","in_join_map"
"28__28305","not_in_panel","in_join_map"
"28__28306","not_in_panel","in_join_map"
"28__28307","not_in_panel","in_join_map"
"28__28403","not_in_panel","in_join_map"
"28__28408","not_in_panel","in_join_map"
"28__28409","not_in_panel","in_join_map"
"28__28410","not_in_panel","in_join_map"
"28__28520","not_in_panel","in_join_map"
"28__28521","not_in_panel","in_join_map"
"28__28522","not_in_panel","in_join_map"
"28__28523","not_in_panel","in_join_map"
"29__01","not_in_panel","in_join_map"
"29__02","not_in_panel","in_join_map"
"29__03","not_in_panel","in_join_map"
"29__04","not_in_panel","in_join_map"
"29__05","not_in_panel","in_join_map"
"29__06","not_in_panel","in_join_map"
"29__07","not_in_panel","in_join_map"
"29__08","not_in_panel","in_join_map"
"29__09","not_in_panel","in_join_map"
"29__10","not_in_panel","in_join_map"
"29__11","not_in_panel","in_join_map"
"29__12","not_in_panel","in_join_map"
"29__13","not_in_panel","in_join_map"
"29__14","not_in_panel","in_join_map"
"29__15","not_in_panel","in_join_map"
"29__16","not_in_panel","in_join_map"
"29__17","not_in_panel","in_join_map"
"29__18","not_in_panel","in_join_map"
"29__19","not_in_panel","in_join_map"
"29__20","not_in_panel","in_join_map"
"29__21","not_in_panel","in_join_map"
"29__22","not_in_panel","in_join_map"
"29__23","not_in_panel","in_join_map"
"29__24","not_in_panel","in_join_map"
"29__25","not_in_panel","in_join_map"
"29__26","not_in_panel","in_join_map"
"29__27","not_in_panel","in_join_map"
"29__28","not_in_panel","in_join_map"
"29__29","not_in_panel","in_join_map"
"29__29110","not_in_panel","in_join_map"
"29__29116","not_in_panel","in_join_map"
"29__29124","not_in_panel","in_join_map"
"29__29215","not_in_panel","in_join_map"
"29__29217","not_in_panel","in_join_map"
"29__29223","not_in_panel","in_join_map"
"29__29225","not_in_panel","in_join_map"
"29__29318","not_in_panel","in_join_map"
"29__29319","not_in_panel","in_join_map"
"29__29320","not_in_panel","in_join_map"
"29__29321","not_in_panel","in_join_map"
"29__29322","not_in_panel","in_join_map"
"29__29326","not_in_panel","in_join_map"
"29__29327","not_in_panel","in_join_map"
"29__29401","not_in_panel","in_join_map"
"29__29402","not_in_panel","in_join_map"
"29__29403","not_in_panel","in_join_map"
"29__29404","not_in_panel","in_join_map"
"29__29405","not_in_panel","in_join_map"
"29__29406","not_in_panel","in_join_map"
"29__29407","not_in_panel","in_join_map"
"29__29408","not_in_panel","in_join_map"
"29__29409","not_in_panel","in_join_map"
"29__29411","not_in_panel","in_join_map"
"29__29412","not_in_panel","in_join_map"
"29__29413","not_in_panel","in_join_map"
"29__29414","not_in_panel","in_join_map"
"29__30","not_in_panel","in_join_map"
"30__01","not_in_panel","in_join_map"
"30__02","not_in_panel","in_join_map"
"30__30101","not_in_panel","in_join_map"
"30__30102","not_in_panel","in_join_map"
"31__01","not_in_panel","in_join_map"
"31__31101","not_in_panel","in_join_map"
"32__01","not_in_panel","in_join_map"
"32__02","not_in_panel","in_join_map"
"32__03","not_in_panel","in_join_map"
"32__04","not_in_panel","in_join_map"
"32__05","not_in_panel","in_join_map"
"32__06","not_in_panel","in_join_map"
"32__07","not_in_panel","in_join_map"
"32__08","not_in_panel","in_join_map"
"32__09","not_in_panel","in_join_map"
"32__10","not_in_panel","in_join_map"
"32__11","not_in_panel","in_join_map"
"32__12","not_in_panel","in_join_map"
"32__13","not_in_panel","in_join_map"
"32__14","not_in_panel","in_join_map"
"32__32101","not_in_panel","in_join_map"
"32__32102","not_in_panel","in_join_map"
"32__32103","not_in_panel","in_join_map"
"32__32104","not_in_panel","in_join_map"
"32__32105","not_in_panel","in_join_map"
"32__32106","not_in_panel","in_join_map"
"32__32207","not_in_panel","in_join_map"
"32__32208","not_in_panel","in_join_map"
"32__32209","not_in_panel","in_join_map"
"32__32210","not_in_panel","in_join_map"
"32__32211","not_in_panel","in_join_map"
"32__32212","not_in_panel","in_join_map"
"32__32213","not_in_panel","in_join_map"
"32__32214","not_in_panel","in_join_map"
"33__01","not_in_panel","in_join_map"
"33__02","not_in_panel","in_join_map"
"33__03","not_in_panel","in_join_map"
"33__04","not_in_panel","in_join_map"
"33__05","not_in_panel","in_join_map"
"33__06","not_in_panel","in_join_map"
"33__07","not_in_panel","in_join_map"
"33__08","not_in_panel","in_join_map"
"33__09","not_in_panel","in_join_map"
"33__10","not_in_panel","in_join_map"
"33__11","not_in_panel","in_join_map"
"33__12","not_in_panel","in_join_map"
"33__13","not_in_panel","in_join_map"
"33__14","not_in_panel","in_join_map"
"33__15","not_in_panel","in_join_map"
"33__16","not_in_panel","in_join_map"
"33__17","not_in_panel","in_join_map"
"33__18","not_in_panel","in_join_map"
"33__19","not_in_panel","in_join_map"
"33__20","not_in_panel","in_join_map"
"33__21","not_in_panel","in_join_map"
"33__22","not_in_panel","in_join_map"
"33__23","not_in_panel","in_join_map"
"33__24","not_in_panel","in_join_map"
"33__25","not_in_panel","in_join_map"
"33__26","not_in_panel","in_join_map"
"33__27","not_in_panel","in_join_map"
"33__28","not_in_panel","in_join_map"
"33__29","not_in_panel","in_join_map"
"33__30","not_in_panel","in_join_map"
"33__31","not_in_panel","in_join_map"
"33__32","not_in_panel","in_join_map"
"33__33101","not_in_panel","in_join_map"
"33__33102","not_in_panel","in_join_map"
"33__33103","not_in_panel","in_join_map"
"33__33104","not_in_panel","in_join_map"
"33__33106","not_in_panel","in_join_map"
"33__33107","not_in_panel","in_join_map"
"33__33118","not_in_panel","in_join_map"
"33__33214","not_in_panel","in_join_map"
"33__33215","not_in_panel","in_join_map"
"33__33216","not_in_panel","in_join_map"
"33__33217","not_in_panel","in_join_map"
"33__33219","not_in_panel","in_join_map"
"33__33220","not_in_panel","in_join_map"
"33__33221","not_in_panel","in_join_map"
"33__33222","not_in_panel","in_join_map"
"33__33313","not_in_panel","in_join_map"
"33__33323","not_in_panel","in_join_map"
"33__33324","not_in_panel","in_join_map"
"33__33325","not_in_panel","in_join_map"
"33__33326","not_in_panel","in_join_map"
"33__33327","not_in_panel","in_join_map"
"33__33328","not_in_panel","in_join_map"
"33__33329","not_in_panel","in_join_map"
"33__33330","not_in_panel","in_join_map"
"33__33405","not_in_panel","in_join_map"
"33__33408","not_in_panel","in_join_map"
"33__33409","not_in_panel","in_join_map"
"33__33410","not_in_panel","in_join_map"
"33__33411","not_in_panel","in_join_map"
"33__33412","not_in_panel","in_join_map"
"34__01","not_in_panel","in_join_map"
"34__02","not_in_panel","in_join_map"
"34__03","not_in_panel","in_join_map"
"34__04","not_in_panel","in_join_map"
"34__34101","not_in_panel","in_join_map"
"34__34102","not_in_panel","in_join_map"
"34__34103","not_in_panel","in_join_map"
"34__34104","not_in_panel","in_join_map"
"35__01","not_in_panel","in_join_map"
"35__02","not_in_panel","in_join_map"
"35__03","not_in_panel","in_join_map"
"35__35101","not_in_panel","in_join_map"
"35__35102","not_in_panel","in_join_map"
"35__35103","not_in_panel","in_join_map"
"36__01","not_in_panel","in_join_map"
"36__02","not_in_panel","in_join_map"
"36__03","not_in_panel","in_join_map"
"36__04","not_in_panel","in_join_map"
"36__05","not_in_panel","in_join_map"
"36__06","not_in_panel","in_join_map"
"36__07","not_in_panel","in_join_map"
"36__08","not_in_panel","in_join_map"
"36__09","not_in_panel","in_join_map"
"36__10","not_in_panel","in_join_map"
"36__11","not_in_panel","in_join_map"
"36__12","not_in_panel","in_join_map"
"36__13","not_in_panel","in_join_map"
"36__14","not_in_panel","in_join_map"
"36__15","not_in_panel","in_join_map"
"36__16","not_in_panel","in_join_map"
"36__17","not_in_panel","in_join_map"
"36__18","not_in_panel","in_join_map"
"36__19","not_in_panel","in_join_map"
"36__20","not_in_panel","in_join_map"
"36__21","not_in_panel","in_join_map"
"36__22","not_in_panel","in_join_map"
"36__23","not_in_panel","in_join_map"
"36__24","not_in_panel","in_join_map"
"36__25","not_in_panel","in_join_map"
"36__26","not_in_panel","in_join_map"
"36__27","not_in_panel","in_join_map"
"36__28","not_in_panel","in_join_map"
"36__29","not_in_panel","in_join_map"
"36__30","not_in_panel","in_join_map"
"36__31","not_in_panel","in_join_map"
"andaman and nicobar islands__nicobars","not_in_panel","in_join_map"
"andaman and nicobar islands__north and middle andaman","not_in_panel","in_join_map"
"andaman and nicobar islands__south andaman","not_in_panel","in_join_map"
"andhra pradesh__anantapur","in_panel","in_join_map"
"andhra pradesh__chittoor","in_panel","in_join_map"
"andhra pradesh__east godavari","in_panel","in_join_map"
"andhra pradesh__guntur","in_panel","in_join_map"
"andhra pradesh__krishna","in_panel","in_join_map"
"andhra pradesh__kurnool","in_panel","in_join_map"
"andhra pradesh__prakasam","in_panel","in_join_map"
"andhra pradesh__sri potti sriramulu nell","not_in_panel","in_join_map"
"andhra pradesh__srikakulam","in_panel","in_join_map"
"andhra pradesh__visakhapatnam","in_panel","in_join_map"
"andhra pradesh__vizianagaram","in_panel","in_join_map"
"andhra pradesh__west godavari","in_panel","in_join_map"
"andhra pradesh__y s r","not_in_panel","in_join_map"
"arunachal pradesh__anjaw","not_in_panel","in_join_map"
"arunachal pradesh__changlang","in_panel","in_join_map"
"arunachal pradesh__east kameng","in_panel","in_join_map"
"arunachal pradesh__east siang","in_panel","in_join_map"
"arunachal pradesh__kamle","not_in_panel","in_join_map"
"arunachal pradesh__kra daadi","not_in_panel","in_join_map"
"arunachal pradesh__kurung kumey","not_in_panel","in_join_map"
"arunachal pradesh__lepa rada","not_in_panel","in_join_map"
"arunachal pradesh__lohit","in_panel","in_join_map"
"arunachal pradesh__longding","in_panel","in_join_map"
"arunachal pradesh__lower dibang valley","in_panel","in_join_map"
"arunachal pradesh__lower siang","not_in_panel","in_join_map"
"arunachal pradesh__lower subansiri","in_panel","in_join_map"
"arunachal pradesh__namsai","not_in_panel","in_join_map"
"arunachal pradesh__pakke kessang","not_in_panel","in_join_map"
"arunachal pradesh__papum pare","in_panel","in_join_map"
"arunachal pradesh__shi yomi","not_in_panel","in_join_map"
"arunachal pradesh__siang","not_in_panel","in_join_map"
"arunachal pradesh__tawang","in_panel","in_join_map"
"arunachal pradesh__tirap","not_in_panel","in_join_map"
"arunachal pradesh__upper dibang valley","not_in_panel","in_join_map"
"arunachal pradesh__upper siang","in_panel","in_join_map"
"arunachal pradesh__upper subansiri","in_panel","in_join_map"
"arunachal pradesh__west kameng","in_panel","in_join_map"
"arunachal pradesh__west siang","in_panel","in_join_map"
"assam__baksa","not_in_panel","in_join_map"
"assam__barpeta","in_panel","in_join_map"
"assam__biswanath","in_panel","in_join_map"
"assam__bongaigaon","in_panel","in_join_map"
"assam__cachar","in_panel","in_join_map"
"assam__charaideo","not_in_panel","in_join_map"
"assam__chirang","not_in_panel","in_join_map"
"assam__darrang","not_in_panel","in_join_map"
"assam__dhemaji","in_panel","in_join_map"
"assam__dhubri","in_panel","in_join_map"
"assam__dibrugarh","in_panel","in_join_map"
"assam__dima hasao","not_in_panel","in_join_map"
"assam__goalpara","in_panel","in_join_map"
"assam__golaghat","in_panel","in_join_map"
"assam__hailakandi","in_panel","in_join_map"
"assam__hojai","in_panel","in_join_map"
"assam__jorhat","in_panel","in_join_map"
"assam__kamrup","in_panel","in_join_map"
"assam__kamrup metropolitan","not_in_panel","in_join_map"
"assam__karbi anglong","in_panel","in_join_map"
"assam__karimganj","in_panel","in_join_map"
"assam__kokrajhar","in_panel","in_join_map"
"assam__lakhimpur","in_panel","in_join_map"
"assam__majuli","not_in_panel","in_join_map"
"assam__morigaon","not_in_panel","in_join_map"
"assam__nagaon","not_in_panel","in_join_map"
"assam__nalbari","in_panel","in_join_map"
"assam__sivasagar","not_in_panel","in_join_map"
"assam__sonitpur","in_panel","in_join_map"
"assam__south salmara mancachar","not_in_panel","in_join_map"
"assam__tinsukia","in_panel","in_join_map"
"assam__udalguri","not_in_panel","in_join_map"
"assam__west karbi anglong","not_in_panel","in_join_map"
"bihar__araria","in_panel","in_join_map"
"bihar__arwal","not_in_panel","in_join_map"
"bihar__aurangabad","in_panel","in_join_map"
"bihar__banka","in_panel","in_join_map"
"bihar__begusarai","in_panel","in_join_map"
"bihar__bhagalpur","in_panel","in_join_map"
"bihar__bhojpur","in_panel","in_join_map"
"bihar__buxar","in_panel","in_join_map"
"bihar__darbhanga","in_panel","in_join_map"
"bihar__gaya","in_panel","in_join_map"
"bihar__gopalganj","in_panel","in_join_map"
"bihar__jamui","in_panel","in_join_map"
"bihar__jehanabad","in_panel","in_join_map"
"bihar__kaimur bhabua","not_in_panel","in_join_map"
"bihar__katihar","in_panel","in_join_map"
"bihar__khagaria","in_panel","in_join_map"
"bihar__kishanganj","in_panel","in_join_map"
"bihar__lakhisarai","in_panel","in_join_map"
"bihar__madhepura","in_panel","in_join_map"
"bihar__madhubani","in_panel","in_join_map"
"bihar__munger","in_panel","in_join_map"
"bihar__muzaffarpur","in_panel","in_join_map"
"bihar__nalanda","in_panel","in_join_map"
"bihar__nawada","in_panel","in_join_map"
"bihar__pashchim champaran","not_in_panel","in_join_map"
"bihar__patna","in_panel","in_join_map"
"bihar__purba champaran","not_in_panel","in_join_map"
"bihar__purnia","in_panel","in_join_map"
"bihar__rohtas","in_panel","in_join_map"
"bihar__saharsa","in_panel","in_join_map"
"bihar__samastipur","in_panel","in_join_map"
"bihar__saran","in_panel","in_join_map"
"bihar__sheikhpura","in_panel","in_join_map"
"bihar__sheohar","in_panel","in_join_map"
"bihar__sitamarhi","in_panel","in_join_map"
"bihar__siwan","in_panel","in_join_map"
"bihar__supaul","in_panel","in_join_map"
"bihar__vaishali","in_panel","in_join_map"
"chandigarh__chandigarh","in_panel","in_join_map"
"chhattisgarh__balod","in_panel","in_join_map"
"chhattisgarh__baloda bazar","in_panel","in_join_map"
"chhattisgarh__balrampur","in_panel","in_join_map"
"chhattisgarh__bametara","not_in_panel","in_join_map"
"chhattisgarh__bastar","in_panel","in_join_map"
"chhattisgarh__bijapur","not_in_panel","in_join_map"
"chhattisgarh__bilaspur","in_panel","in_join_map"
"chhattisgarh__dakshin bastar dantewada","not_in_panel","in_join_map"
"chhattisgarh__dhamtari","in_panel","in_join_map"
"chhattisgarh__durg","not_in_panel","in_join_map"
"chhattisgarh__gariaband","not_in_panel","in_join_map"
"chhattisgarh__janjgir champa","in_panel","in_join_map"
"chhattisgarh__jashpur","in_panel","in_join_map"
"chhattisgarh__kabeerdham","not_in_panel","in_join_map"
"chhattisgarh__kondagaon","not_in_panel","in_join_map"
"chhattisgarh__korba","in_panel","in_join_map"
"chhattisgarh__koriya","in_panel","in_join_map"
"chhattisgarh__mahasamund","in_panel","in_join_map"
"chhattisgarh__mungeli","not_in_panel","in_join_map"
"chhattisgarh__narayanpur","not_in_panel","in_join_map"
"chhattisgarh__raigarh","in_panel","in_join_map"
"chhattisgarh__raipur","not_in_panel","in_join_map"
"chhattisgarh__rajnandgaon","in_panel","in_join_map"
"chhattisgarh__sukma","not_in_panel","in_join_map"
"chhattisgarh__surajpur","not_in_panel","in_join_map"
"chhattisgarh__surguja","not_in_panel","in_join_map"
"chhattisgarh__uttar bastar kanker","not_in_panel","in_join_map"
"dadra and nagar have__dadra and nagar haveli","not_in_panel","in_join_map"
"daman and diu__daman","not_in_panel","in_join_map"
"daman and diu__diu","not_in_panel","in_join_map"
"delhi__central","not_in_panel","in_join_map"
"delhi__east","not_in_panel","in_join_map"
"delhi__new delhi","not_in_panel","in_join_map"
"delhi__north","not_in_panel","in_join_map"
"delhi__north east","not_in_panel","in_join_map"
"delhi__north west","not_in_panel","in_join_map"
"delhi__shahdara","not_in_panel","in_join_map"
"delhi__south","not_in_panel","in_join_map"
"delhi__south east","not_in_panel","in_join_map"
"delhi__south west","not_in_panel","in_join_map"
"delhi__west","not_in_panel","in_join_map"
"goa__north goa","in_panel","in_join_map"
"goa__south goa","in_panel","in_join_map"
"gujarat__ahmadabad","not_in_panel","in_join_map"
"gujarat__amreli","in_panel","in_join_map"
"gujarat__anand","in_panel","in_join_map"
"gujarat__aravalli","not_in_panel","in_join_map"
"gujarat__banas kantha","not_in_panel","in_join_map"
"gujarat__bharuch","in_panel","in_join_map"
"gujarat__bhavnagar","in_panel","in_join_map"
"gujarat__botad","not_in_panel","in_join_map"
"gujarat__chota udaipur","not_in_panel","in_join_map"
"gujarat__devbhumi dwarka","not_in_panel","in_join_map"
"gujarat__dohad","not_in_panel","in_join_map"
"gujarat__gandhinagar","in_panel","in_join_map"
"gujarat__gir somnath","in_panel","in_join_map"
"gujarat__jamnagar","in_panel","in_join_map"
"gujarat__junagadh","not_in_panel","in_join_map"
"gujarat__kachchh","not_in_panel","in_join_map"
"gujarat__kheda","in_panel","in_join_map"
"gujarat__mahesana","not_in_panel","in_join_map"
"gujarat__mahisagar","not_in_panel","in_join_map"
"gujarat__morbi","in_panel","in_join_map"
"gujarat__narmada","in_panel","in_join_map"
"gujarat__navsari","in_panel","in_join_map"
"gujarat__panch mahals","not_in_panel","in_join_map"
"gujarat__patan","in_panel","in_join_map"
"gujarat__porbandar","in_panel","in_join_map"
"gujarat__rajkot","not_in_panel","in_join_map"
"gujarat__sabar kantha","not_in_panel","in_join_map"
"gujarat__surat","in_panel","in_join_map"
"gujarat__surendranagar","in_panel","in_join_map"
"gujarat__tapi","not_in_panel","in_join_map"
"gujarat__the dangs","not_in_panel","in_join_map"
"gujarat__vadodara","not_in_panel","in_join_map"
"gujarat__valsad","in_panel","in_join_map"
"haryana__ambala","in_panel","in_join_map"
"haryana__bhiwani","in_panel","in_join_map"
"haryana__charki dadri","not_in_panel","in_join_map"
"haryana__faridabad","in_panel","in_join_map"
"haryana__fatehabad","in_panel","in_join_map"
"haryana__gurugram","in_panel","in_join_map"
"haryana__hisar","in_panel","in_join_map"
"haryana__jhajjar","in_panel","in_join_map"
"haryana__jind","in_panel","in_join_map"
"haryana__kaithal","in_panel","in_join_map"
"haryana__karnal","in_panel","in_join_map"
"haryana__kurukshetra","in_panel","in_join_map"
"haryana__mahendragarh","in_panel","in_join_map"
"haryana__nuh","not_in_panel","in_join_map"
"haryana__palwal","not_in_panel","in_join_map"
"haryana__panchkula","in_panel","in_join_map"
"haryana__panipat","in_panel","in_join_map"
"haryana__rewari","in_panel","in_join_map"
"haryana__rohtak","in_panel","in_join_map"
"haryana__sirsa","in_panel","in_join_map"
"haryana__sonipat","in_panel","in_join_map"
"haryana__yamunanagar","in_panel","in_join_map"
"himachal pradesh__bilaspur","in_panel","in_join_map"
"himachal pradesh__chamba","in_panel","in_join_map"
"himachal pradesh__hamirpur","in_panel","in_join_map"
"himachal pradesh__kangra","in_panel","in_join_map"
"himachal pradesh__kinnaur","in_panel","in_join_map"
"himachal pradesh__kullu","in_panel","in_join_map"
"himachal pradesh__lahul and spiti","not_in_panel","in_join_map"
"himachal pradesh__mandi","in_panel","in_join_map"
"himachal pradesh__shimla","in_panel","in_join_map"
"himachal pradesh__sirmaur","in_panel","in_join_map"
"himachal pradesh__solan","in_panel","in_join_map"
"himachal pradesh__una","in_panel","in_join_map"
"jammu and kashmir__anantnag","in_panel","in_join_map"
"jammu and kashmir__badgam","not_in_panel","in_join_map"
"jammu and kashmir__bandipore","not_in_panel","in_join_map"
"jammu and kashmir__baramula","not_in_panel","in_join_map"
"jammu and kashmir__doda","in_panel","in_join_map"
"jammu and kashmir__ganderbal","not_in_panel","in_join_map"
"jammu and kashmir__jammu","in_panel","in_join_map"
"jammu and kashmir__kathua","in_panel","in_join_map"
"jammu and kashmir__kishtwar","not_in_panel","in_join_map"
"jammu and kashmir__kulgam","not_in_panel","in_join_map"
"jammu and kashmir__kupwara","in_panel","in_join_map"
"jammu and kashmir__mirpur","not_in_panel","in_join_map"
"jammu and kashmir__muzaffarabad","not_in_panel","in_join_map"
"jammu and kashmir__pulwama","in_panel","in_join_map"
"jammu and kashmir__punch","not_in_panel","in_join_map"
"jammu and kashmir__rajouri","not_in_panel","in_join_map"
"jammu and kashmir__ramban","not_in_panel","in_join_map"
"jammu and kashmir__reasi","not_in_panel","in_join_map"
"jammu and kashmir__samba","not_in_panel","in_join_map"
"jammu and kashmir__shupiyan","not_in_panel","in_join_map"
"jammu and kashmir__srinagar","in_panel","in_join_map"
"jammu and kashmir__udhampur","in_panel","in_join_map"
"jharkhand__bokaro","in_panel","in_join_map"
"jharkhand__chatra","in_panel","in_join_map"
"jharkhand__deoghar","in_panel","in_join_map"
"jharkhand__dhanbad","in_panel","in_join_map"
"jharkhand__dumka","in_panel","in_join_map"
"jharkhand__garhwa","in_panel","in_join_map"
"jharkhand__giridih","in_panel","in_join_map"
"jharkhand__godda","in_panel","in_join_map"
"jharkhand__gumla","in_panel","in_join_map"
"jharkhand__hazaribagh","in_panel","in_join_map"
"jharkhand__jamtara","not_in_panel","in_join_map"
"jharkhand__khunti","not_in_panel","in_join_map"
"jharkhand__kodarma","not_in_panel","in_join_map"
"jharkhand__latehar","not_in_panel","in_join_map"
"jharkhand__lohardaga","in_panel","in_join_map"
"jharkhand__pakur","not_in_panel","in_join_map"
"jharkhand__palamu","in_panel","in_join_map"
"jharkhand__pashchimi singhbhum","not_in_panel","in_join_map"
"jharkhand__purbi singhbhum","not_in_panel","in_join_map"
"jharkhand__ramgarh","not_in_panel","in_join_map"
"jharkhand__ranchi","in_panel","in_join_map"
"jharkhand__sahibganj","in_panel","in_join_map"
"jharkhand__saraikela kharsawan","not_in_panel","in_join_map"
"jharkhand__simdega","not_in_panel","in_join_map"
"karnataka__bagalkote","not_in_panel","in_join_map"
"karnataka__ballari","not_in_panel","in_join_map"
"karnataka__bangalore","not_in_panel","in_join_map"
"karnataka__belagavi","not_in_panel","in_join_map"
"karnataka__bengaluru rural","not_in_panel","in_join_map"
"karnataka__bidar","in_panel","in_join_map"
"karnataka__chamarajanagara","not_in_panel","in_join_map"
"karnataka__chikkaballapura","not_in_panel","in_join_map"
"karnataka__chikkamagaluru","not_in_panel","in_join_map"
"karnataka__chitradurga","in_panel","in_join_map"
"karnataka__dakshina kannada","in_panel","in_join_map"
"karnataka__davanagere","in_panel","in_join_map"
"karnataka__dharwad","in_panel","in_join_map"
"karnataka__gadag","in_panel","in_join_map"
"karnataka__hassan","in_panel","in_join_map"
"karnataka__haveri","in_panel","in_join_map"
"karnataka__kalaburagi","not_in_panel","in_join_map"
"karnataka__kodagu","in_panel","in_join_map"
"karnataka__kolar","in_panel","in_join_map"
"karnataka__koppal","in_panel","in_join_map"
"karnataka__mandya","in_panel","in_join_map"
"karnataka__mysuru","not_in_panel","in_join_map"
"karnataka__raichur","in_panel","in_join_map"
"karnataka__ramanagara","not_in_panel","in_join_map"
"karnataka__shivamogga","not_in_panel","in_join_map"
"karnataka__tumakuru","not_in_panel","in_join_map"
"karnataka__udupi","in_panel","in_join_map"
"karnataka__uttara kannada","in_panel","in_join_map"
"karnataka__vijayapura","in_panel","in_join_map"
"karnataka__yadgir","not_in_panel","in_join_map"
"kerala__alappuzha","in_panel","in_join_map"
"kerala__ernakulam","in_panel","in_join_map"
"kerala__idukki","in_panel","in_join_map"
"kerala__kannur","in_panel","in_join_map"
"kerala__kasaragod","in_panel","in_join_map"
"kerala__kollam","in_panel","in_join_map"
"kerala__kottayam","in_panel","in_join_map"
"kerala__kozhikode","in_panel","in_join_map"
"kerala__malappuram","in_panel","in_join_map"
"kerala__palakkad","in_panel","in_join_map"
"kerala__pathanamthitta","in_panel","in_join_map"
"kerala__thiruvananthapuram","in_panel","in_join_map"
"kerala__thrissur","in_panel","in_join_map"
"kerala__wayanad","in_panel","in_join_map"
"ladakh__kargil","not_in_panel","in_join_map"
"ladakh__leh","not_in_panel","in_join_map"
"lakshadweep__lakshadweep","in_panel","in_join_map"
"madhya pradesh__agar malwa","in_panel","in_join_map"
"madhya pradesh__alirajpur","in_panel","in_join_map"
"madhya pradesh__anuppur","not_in_panel","in_join_map"
"madhya pradesh__ashoknagar","not_in_panel","in_join_map"
"madhya pradesh__balaghat","in_panel","in_join_map"
"madhya pradesh__barwani","in_panel","in_join_map"
"madhya pradesh__betul","in_panel","in_join_map"
"madhya pradesh__bhind","in_panel","in_join_map"
"madhya pradesh__bhopal","in_panel","in_join_map"
"madhya pradesh__burhanpur","not_in_panel","in_join_map"
"madhya pradesh__chhatarpur","in_panel","in_join_map"
"madhya pradesh__chhindwara","in_panel","in_join_map"
"madhya pradesh__damoh","in_panel","in_join_map"
"madhya pradesh__datia","in_panel","in_join_map"
"madhya pradesh__dewas","in_panel","in_join_map"
"madhya pradesh__dhar","in_panel","in_join_map"
"madhya pradesh__dindori","in_panel","in_join_map"
"madhya pradesh__east nimar","not_in_panel","in_join_map"
"madhya pradesh__guna","in_panel","in_join_map"
"madhya pradesh__gwalior","in_panel","in_join_map"
"madhya pradesh__harda","in_panel","in_join_map"
"madhya pradesh__hoshangabad","in_panel","in_join_map"
"madhya pradesh__indore","in_panel","in_join_map"
"madhya pradesh__jabalpur","in_panel","in_join_map"
"madhya pradesh__jhabua","not_in_panel","in_join_map"
"madhya pradesh__katni","in_panel","in_join_map"
"madhya pradesh__mandla","in_panel","in_join_map"
"madhya pradesh__mandsaur","in_panel","in_join_map"
"madhya pradesh__morena","in_panel","in_join_map"
"madhya pradesh__narsimhapur","not_in_panel","in_join_map"
"madhya pradesh__neemuch","in_panel","in_join_map"
"madhya pradesh__niwari","in_panel","in_join_map"
"madhya pradesh__panna","in_panel","in_join_map"
"madhya pradesh__raisen","in_panel","in_join_map"
"madhya pradesh__rajgarh","in_panel","in_join_map"
"madhya pradesh__ratlam","in_panel","in_join_map"
"madhya pradesh__rewa","in_panel","in_join_map"
"madhya pradesh__sagar","in_panel","in_join_map"
"madhya pradesh__satna","in_panel","in_join_map"
"madhya pradesh__sehore","in_panel","in_join_map"
"madhya pradesh__seoni","in_panel","in_join_map"
"madhya pradesh__shahdol","in_panel","in_join_map"
"madhya pradesh__shajapur","not_in_panel","in_join_map"
"madhya pradesh__sheopur","in_panel","in_join_map"
"madhya pradesh__shivpuri","in_panel","in_join_map"
"madhya pradesh__sidhi","in_panel","in_join_map"
"madhya pradesh__singrauli","not_in_panel","in_join_map"
"madhya pradesh__tikamgarh","not_in_panel","in_join_map"
"madhya pradesh__ujjain","in_panel","in_join_map"
"madhya pradesh__umaria","in_panel","in_join_map"
"madhya pradesh__vidisha","in_panel","in_join_map"
"madhya pradesh__west nimar","not_in_panel","in_join_map"
"maharashtra__ahmadnagar","not_in_panel","in_join_map"
"maharashtra__akola","in_panel","in_join_map"
"maharashtra__amravati","in_panel","in_join_map"
"maharashtra__aurangabad","in_panel","in_join_map"
"maharashtra__bhandara","in_panel","in_join_map"
"maharashtra__bid","not_in_panel","in_join_map"
"maharashtra__buldana","not_in_panel","in_join_map"
"maharashtra__chandrapur","in_panel","in_join_map"
"maharashtra__dhule","in_panel","in_join_map"
"maharashtra__gadchiroli","in_panel","in_join_map"
"maharashtra__gondiya","not_in_panel","in_join_map"
"maharashtra__hingoli","in_panel","in_join_map"
"maharashtra__jalgaon","in_panel","in_join_map"
"maharashtra__jalna","in_panel","in_join_map"
"maharashtra__kolhapur","in_panel","in_join_map"
"maharashtra__latur","in_panel","in_join_map"
"maharashtra__mumbai","not_in_panel","in_join_map"
"maharashtra__mumbai suburban","in_panel","in_join_map"
"maharashtra__nagpur","in_panel","in_join_map"
"maharashtra__nanded","in_panel","in_join_map"
"maharashtra__nandurbar","in_panel","in_join_map"
"maharashtra__nashik","in_panel","in_join_map"
"maharashtra__osmanabad","in_panel","in_join_map"
"maharashtra__palghar","in_panel","in_join_map"
"maharashtra__parbhani","in_panel","in_join_map"
"maharashtra__pune","in_panel","in_join_map"
"maharashtra__raigarh","not_in_panel","in_join_map"
"maharashtra__ratnagiri","in_panel","in_join_map"
"maharashtra__sangli","in_panel","in_join_map"
"maharashtra__satara","in_panel","in_join_map"
"maharashtra__sindhudurg","in_panel","in_join_map"
"maharashtra__solapur","in_panel","in_join_map"
"maharashtra__thane","not_in_panel","in_join_map"
"maharashtra__wardha","in_panel","in_join_map"
"maharashtra__washim","in_panel","in_join_map"
"maharashtra__yavatmal","in_panel","in_join_map"
"manipur__bishnupur","in_panel","in_join_map"
"manipur__chandel","in_panel","in_join_map"
"manipur__churachandpur","in_panel","in_join_map"
"manipur__imphal east","in_panel","in_join_map"
"manipur__imphal west","in_panel","in_join_map"
"manipur__jiribam","not_in_panel","in_join_map"
"manipur__kakching","in_panel","in_join_map"
"manipur__kamjong","in_panel","in_join_map"
"manipur__kangpokpi","not_in_panel","in_join_map"
"manipur__noney","in_panel","in_join_map"
"manipur__pherzawl","not_in_panel","in_join_map"
"manipur__senapati","not_in_panel","in_join_map"
"manipur__tamenglong","not_in_panel","in_join_map"
"manipur__tengnoupal","not_in_panel","in_join_map"
"manipur__thoubal","not_in_panel","in_join_map"
"manipur__ukhrul","not_in_panel","in_join_map"
"meghalaya__east garo hills","in_panel","in_join_map"
"meghalaya__east jaintia hills","in_panel","in_join_map"
"meghalaya__east khasi hills","in_panel","in_join_map"
"meghalaya__north garo hills","not_in_panel","in_join_map"
"meghalaya__ribhoi","not_in_panel","in_join_map"
"meghalaya__south garo hills","in_panel","in_join_map"
"meghalaya__south west garo hills","in_panel","in_join_map"
"meghalaya__south west khasi hills","in_panel","in_join_map"
"meghalaya__west garo hills","not_in_panel","in_join_map"
"meghalaya__west jaintia hills","not_in_panel","in_join_map"
"meghalaya__west khasi hills","not_in_panel","in_join_map"
"mizoram__aizawl","not_in_panel","in_join_map"
"mizoram__champhai","in_panel","in_join_map"
"mizoram__hnahthial","in_panel","in_join_map"
"mizoram__khawzawl","not_in_panel","in_join_map"
"mizoram__kolasib","in_panel","in_join_map"
"mizoram__lawngtlai","in_panel","in_join_map"
"mizoram__lunglei","not_in_panel","in_join_map"
"mizoram__mamit","in_panel","in_join_map"
"mizoram__saiha","in_panel","in_join_map"
"mizoram__saitual","not_in_panel","in_join_map"
"mizoram__serchhip","in_panel","in_join_map"
"nagaland__dimapur","in_panel","in_join_map"
"nagaland__kiphire","not_in_panel","in_join_map"
"nagaland__kohima","in_panel","in_join_map"
"nagaland__longleng","not_in_panel","in_join_map"
"nagaland__mokokchung","in_panel","in_join_map"
"nagaland__mon","in_panel","in_join_map"
"nagaland__peren","not_in_panel","in_join_map"
"nagaland__phek","in_panel","in_join_map"
"nagaland__tuensang","in_panel","in_join_map"
"nagaland__wokha","in_panel","in_join_map"
"nagaland__zunheboto","in_panel","in_join_map"
"odisha__anugul","not_in_panel","in_join_map"
"odisha__balangir","in_panel","in_join_map"
"odisha__baleshwar","not_in_panel","in_join_map"
"odisha__bargarh","in_panel","in_join_map"
"odisha__baudh","not_in_panel","in_join_map"
"odisha__bhadrak","in_panel","in_join_map"
"odisha__cuttack","in_panel","in_join_map"
"odisha__debagarh","not_in_panel","in_join_map"
"odisha__dhenkanal","in_panel","in_join_map"
"odisha__gajapati","in_panel","in_join_map"
"odisha__ganjam","in_panel","in_join_map"
"odisha__jagatsinghapur","not_in_panel","in_join_map"
"odisha__jajapur","not_in_panel","in_join_map"
"odisha__jharsuguda","in_panel","in_join_map"
"odisha__kalahandi","in_panel","in_join_map"
"odisha__kandhamal","in_panel","in_join_map"
"odisha__kendrapara","in_panel","in_join_map"
"odisha__kendujhar","in_panel","in_join_map"
"odisha__khordha","in_panel","in_join_map"
"odisha__koraput","in_panel","in_join_map"
"odisha__malkangiri","in_panel","in_join_map"
"odisha__mayurbhanj","in_panel","in_join_map"
"odisha__nabarangapur","in_panel","in_join_map"
"odisha__nayagarh","in_panel","in_join_map"
"odisha__nuapada","in_panel","in_join_map"
"odisha__puri","in_panel","in_join_map"
"odisha__rayagada","in_panel","in_join_map"
"odisha__sambalpur","in_panel","in_join_map"
"odisha__subarnapur","not_in_panel","in_join_map"
"odisha__sundargarh","in_panel","in_join_map"
"puducherry__karaikal","in_panel","in_join_map"
"puducherry__mahe","in_panel","in_join_map"
"puducherry__puducherry","in_panel","in_join_map"
"puducherry__yanam","in_panel","in_join_map"
"punjab__amritsar","in_panel","in_join_map"
"punjab__barnala","not_in_panel","in_join_map"
"punjab__bathinda","not_in_panel","in_join_map"
"punjab__faridkot","in_panel","in_join_map"
"punjab__fatehgarh sahib","in_panel","in_join_map"
"punjab__fazilka","in_panel","in_join_map"
"punjab__firozpur","not_in_panel","in_join_map"
"punjab__gurdaspur","in_panel","in_join_map"
"punjab__hoshiarpur","in_panel","in_join_map"
"punjab__jalandhar","in_panel","in_join_map"
"punjab__kapurthala","in_panel","in_join_map"
"punjab__ludhiana","in_panel","in_join_map"
"punjab__mansa","not_in_panel","in_join_map"
"punjab__moga","in_panel","in_join_map"
"punjab__pathankot","not_in_panel","in_join_map"
"punjab__patiala","in_panel","in_join_map"
"punjab__rupnagar","in_panel","in_join_map"
"punjab__sahibzada ajit singh nag","not_in_panel","in_join_map"
"punjab__sangrur","in_panel","in_join_map"
"punjab__shahid bhagat singh nagar","in_panel","in_join_map"
"punjab__sri muktsar sahib","in_panel","in_join_map"
"punjab__tarn taran","not_in_panel","in_join_map"
"rajasthan__ajmer","in_panel","in_join_map"
"rajasthan__alwar","in_panel","in_join_map"
"rajasthan__banswara","in_panel","in_join_map"
"rajasthan__baran","in_panel","in_join_map"
"rajasthan__barmer","in_panel","in_join_map"
"rajasthan__bharatpur","in_panel","in_join_map"
"rajasthan__bhilwara","in_panel","in_join_map"
"rajasthan__bikaner","in_panel","in_join_map"
"rajasthan__bundi","in_panel","in_join_map"
"rajasthan__chittaurgarh","not_in_panel","in_join_map"
"rajasthan__churu","in_panel","in_join_map"
"rajasthan__dausa","in_panel","in_join_map"
"rajasthan__dhaulpur","not_in_panel","in_join_map"
"rajasthan__dungarpur","in_panel","in_join_map"
"rajasthan__ganganagar","not_in_panel","in_join_map"
"rajasthan__hanumangarh","in_panel","in_join_map"
"rajasthan__jaipur","in_panel","in_join_map"
"rajasthan__jaisalmer","in_panel","in_join_map"
"rajasthan__jalor","not_in_panel","in_join_map"
"rajasthan__jhalawar","in_panel","in_join_map"
"rajasthan__jhunjhunun","not_in_panel","in_join_map"
"rajasthan__jodhpur","in_panel","in_join_map"
"rajasthan__karauli","in_panel","in_join_map"
"rajasthan__kota","in_panel","in_join_map"
"rajasthan__nagaur","in_panel","in_join_map"
"rajasthan__pali","in_panel","in_join_map"
"rajasthan__pratapgarh","not_in_panel","in_join_map"
"rajasthan__rajsamand","in_panel","in_join_map"
"rajasthan__sawai madhopur","in_panel","in_join_map"
"rajasthan__sikar","in_panel","in_join_map"
"rajasthan__sirohi","in_panel","in_join_map"
"rajasthan__tonk","in_panel","in_join_map"
"rajasthan__udaipur","in_panel","in_join_map"
"sikkim__east district","not_in_panel","in_join_map"
"sikkim__north district","not_in_panel","in_join_map"
"sikkim__south district","not_in_panel","in_join_map"
"sikkim__west district","not_in_panel","in_join_map"
"tamil nadu__ariyalur","in_panel","in_join_map"
"tamil nadu__chengalpattu","in_panel","in_join_map"
"tamil nadu__chennai","in_panel","in_join_map"
"tamil nadu__coimbatore","in_panel","in_join_map"
"tamil nadu__cuddalore","in_panel","in_join_map"
"tamil nadu__dharmapuri","in_panel","in_join_map"
"tamil nadu__dindigul","in_panel","in_join_map"
"tamil nadu__erode","in_panel","in_join_map"
"tamil nadu__kallakurichi","in_panel","in_join_map"
"tamil nadu__kancheepuram","not_in_panel","in_join_map"
"tamil nadu__kanniyakumari","not_in_panel","in_join_map"
"tamil nadu__karur","in_panel","in_join_map"
"tamil nadu__krishnagiri","not_in_panel","in_join_map"
"tamil nadu__madurai","in_panel","in_join_map"
"tamil nadu__nagapattinam","in_panel","in_join_map"
"tamil nadu__namakkal","in_panel","in_join_map"
"tamil nadu__perambalur","in_panel","in_join_map"
"tamil nadu__pudukkottai","in_panel","in_join_map"
"tamil nadu__ramanathapuram","in_panel","in_join_map"
"tamil nadu__ranipet","in_panel","in_join_map"
"tamil nadu__salem","in_panel","in_join_map"
"tamil nadu__sivaganga","in_panel","in_join_map"
"tamil nadu__tenkasi","in_panel","in_join_map"
"tamil nadu__thanjavur","in_panel","in_join_map"
"tamil nadu__the nilgiris","not_in_panel","in_join_map"
"tamil nadu__theni","in_panel","in_join_map"
"tamil nadu__thiruvallur","in_panel","in_join_map"
"tamil nadu__thiruvarur","not_in_panel","in_join_map"
"tamil nadu__thoothukkudi","in_panel","in_join_map"
"tamil nadu__tiruchirappalli","in_panel","in_join_map"
"tamil nadu__tirunelveli","not_in_panel","in_join_map"
"tamil nadu__tirupathur","not_in_panel","in_join_map"
"tamil nadu__tiruppur","not_in_panel","in_join_map"
"tamil nadu__tiruvannamalai","in_panel","in_join_map"
"tamil nadu__vellore","not_in_panel","in_join_map"
"tamil nadu__viluppuram","not_in_panel","in_join_map"
"tamil nadu__virudhunagar","in_panel","in_join_map"
"telangana__adilabad","in_panel","in_join_map"
"telangana__bhadradri kothagudem","not_in_panel","in_join_map"
"telangana__hyderabad","in_panel","in_join_map"
"telangana__jagitial","not_in_panel","in_join_map"
"telangana__jangoan","not_in_panel","in_join_map"
"telangana__jayashankar","not_in_panel","in_join_map"
"telangana__jogulamba gadwal","not_in_panel","in_join_map"
"telangana__kamareddy","not_in_panel","in_join_map"
"telangana__karimnagar","in_panel","in_join_map"
"telangana__khammam","in_panel","in_join_map"
"telangana__kumuram bheem asifabad","not_in_panel","in_join_map"
"telangana__mahabubabad","not_in_panel","in_join_map"
"telangana__mahabubnagar","not_in_panel","in_join_map"
"telangana__mancherial","not_in_panel","in_join_map"
"telangana__medak","in_panel","in_join_map"
"telangana__medchal malkajgiri","not_in_panel","in_join_map"
"telangana__mulugu","not_in_panel","in_join_map"
"telangana__nagarkurnool","not_in_panel","in_join_map"
"telangana__nalgonda","in_panel","in_join_map"
"telangana__narayanpet","not_in_panel","in_join_map"
"telangana__nirmal","not_in_panel","in_join_map"
"telangana__nizamabad","in_panel","in_join_map"
"telangana__peddapalli","not_in_panel","in_join_map"
"telangana__rajanna sircilla","not_in_panel","in_join_map"
"telangana__ranga reddy","not_in_panel","in_join_map"
"telangana__sangareddy","not_in_panel","in_join_map"
"telangana__siddipet","not_in_panel","in_join_map"
"telangana__suryapet","not_in_panel","in_join_map"
"telangana__vikarabad","not_in_panel","in_join_map"
"telangana__wanaparthy","not_in_panel","in_join_map"
"telangana__warangal rural","in_panel","in_join_map"
"telangana__warangal urban","not_in_panel","in_join_map"
"telangana__yadadri bhuvanagiri","not_in_panel","in_join_map"
"tripura__dhalai","in_panel","in_join_map"
"tripura__gomati","in_panel","in_join_map"
"tripura__khowai","in_panel","in_join_map"
"tripura__north tripura","in_panel","in_join_map"
"tripura__sipahijala","not_in_panel","in_join_map"
"tripura__south tripura","not_in_panel","in_join_map"
"tripura__unokoti","not_in_panel","in_join_map"
"tripura__west tripura","not_in_panel","in_join_map"
"uttar pradesh__agra","in_panel","in_join_map"
"uttar pradesh__aligarh","in_panel","in_join_map"
"uttar pradesh__ambedkar nagar","in_panel","in_join_map"
"uttar pradesh__amethi","in_panel","in_join_map"
"uttar pradesh__amroha","not_in_panel","in_join_map"
"uttar pradesh__auraiya","in_panel","in_join_map"
"uttar pradesh__azamgarh","in_panel","in_join_map"
"uttar pradesh__baghpat","in_panel","in_join_map"
"uttar pradesh__bahraich","in_panel","in_join_map"
"uttar pradesh__ballia","in_panel","in_join_map"
"uttar pradesh__balrampur","in_panel","in_join_map"
"uttar pradesh__banda","in_panel","in_join_map"
"uttar pradesh__bara banki","not_in_panel","in_join_map"
"uttar pradesh__bareilly","in_panel","in_join_map"
"uttar pradesh__basti","in_panel","in_join_map"
"uttar pradesh__bhadohi","not_in_panel","in_join_map"
"uttar pradesh__bijnor","in_panel","in_join_map"
"uttar pradesh__budaun","in_panel","in_join_map"
"uttar pradesh__bulandshahr","in_panel","in_join_map"
"uttar pradesh__chandauli","in_panel","in_join_map"
"uttar pradesh__chitrakoot","in_panel","in_join_map"
"uttar pradesh__deoria","in_panel","in_join_map"
"uttar pradesh__etah","in_panel","in_join_map"
"uttar pradesh__etawah","in_panel","in_join_map"
"uttar pradesh__faizabad","not_in_panel","in_join_map"
"uttar pradesh__farrukhabad","in_panel","in_join_map"
"uttar pradesh__fatehpur","in_panel","in_join_map"
"uttar pradesh__firozabad","in_panel","in_join_map"
"uttar pradesh__gautam buddha nagar","not_in_panel","in_join_map"
"uttar pradesh__ghaziabad","in_panel","in_join_map"
"uttar pradesh__ghazipur","in_panel","in_join_map"
"uttar pradesh__gonda","in_panel","in_join_map"
"uttar pradesh__gorakhpur","in_panel","in_join_map"
"uttar pradesh__hamirpur","in_panel","in_join_map"
"uttar pradesh__hapur","not_in_panel","in_join_map"
"uttar pradesh__hardoi","in_panel","in_join_map"
"uttar pradesh__hathras","in_panel","in_join_map"
"uttar pradesh__jalaun","in_panel","in_join_map"
"uttar pradesh__jaunpur","in_panel","in_join_map"
"uttar pradesh__jhansi","in_panel","in_join_map"
"uttar pradesh__kannauj","in_panel","in_join_map"
"uttar pradesh__kanpur dehat","in_panel","in_join_map"
"uttar pradesh__kanpur nagar","in_panel","in_join_map"
"uttar pradesh__kasganj","in_panel","in_join_map"
"uttar pradesh__kaushambi","in_panel","in_join_map"
"uttar pradesh__kheri","not_in_panel","in_join_map"
"uttar pradesh__kushinagar","not_in_panel","in_join_map"
"uttar pradesh__lalitpur","in_panel","in_join_map"
"uttar pradesh__lucknow","in_panel","in_join_map"
"uttar pradesh__mahoba","in_panel","in_join_map"
"uttar pradesh__mahrajganj","not_in_panel","in_join_map"
"uttar pradesh__mainpuri","in_panel","in_join_map"
"uttar pradesh__mathura","in_panel","in_join_map"
"uttar pradesh__mau","in_panel","in_join_map"
"uttar pradesh__meerut","in_panel","in_join_map"
"uttar pradesh__mirzapur","in_panel","in_join_map"
"uttar pradesh__moradabad","in_panel","in_join_map"
"uttar pradesh__muzaffarnagar","in_panel","in_join_map"
"uttar pradesh__pilibhit","in_panel","in_join_map"
"uttar pradesh__pratapgarh","in_panel","in_join_map"
"uttar pradesh__prayagraj","in_panel","in_join_map"
"uttar pradesh__rae bareli","in_panel","in_join_map"
"uttar pradesh__rampur","in_panel","in_join_map"
"uttar pradesh__saharanpur","in_panel","in_join_map"
"uttar pradesh__sambhal","not_in_panel","in_join_map"
"uttar pradesh__sant kabir nagar","not_in_panel","in_join_map"
"uttar pradesh__shahjahanpur","in_panel","in_join_map"
"uttar pradesh__shamli","not_in_panel","in_join_map"
"uttar pradesh__shrawasti","in_panel","in_join_map"
"uttar pradesh__siddharthnagar","in_panel","in_join_map"
"uttar pradesh__sitapur","in_panel","in_join_map"
"uttar pradesh__sonbhadra","in_panel","in_join_map"
"uttar pradesh__sultanpur","not_in_panel","in_join_map"
"uttar pradesh__unnao","in_panel","in_join_map"
"uttar pradesh__varanasi","in_panel","in_join_map"
"uttarakhand__almora","in_panel","in_join_map"
"uttarakhand__bageshwar","in_panel","in_join_map"
"uttarakhand__chamoli","in_panel","in_join_map"
"uttarakhand__champawat","in_panel","in_join_map"
"uttarakhand__dehradun","in_panel","in_join_map"
"uttarakhand__garhwal","not_in_panel","in_join_map"
"uttarakhand__hardwar","not_in_panel","in_join_map"
"uttarakhand__nainital","in_panel","in_join_map"
"uttarakhand__pithoragarh","in_panel","in_join_map"
"uttarakhand__rudraprayag","in_panel","in_join_map"
"uttarakhand__tehri garhwal","in_panel","in_join_map"
"uttarakhand__udham singh nagar","in_panel","in_join_map"
"uttarakhand__uttarkashi","in_panel","in_join_map"
"west bengal__alipurduar","in_panel","in_join_map"
"west bengal__bankura","in_panel","in_join_map"
"west bengal__birbhum","in_panel","in_join_map"
"west bengal__cooch behar","not_in_panel","in_join_map"
"west bengal__dakshin dinajpur","not_in_panel","in_join_map"
"west bengal__darjiling","not_in_panel","in_join_map"
"west bengal__hooghly","not_in_panel","in_join_map"
"west bengal__howrah","not_in_panel","in_join_map"
"west bengal__jalpaiguri","not_in_panel","in_join_map"
"west bengal__jhargram","in_panel","in_join_map"
"west bengal__kalimpong","not_in_panel","in_join_map"
"west bengal__kolkata","in_panel","in_join_map"
"west bengal__maldah","not_in_panel","in_join_map"
"west bengal__medinipur west","not_in_panel","in_join_map"
"west bengal__murshidabad","in_panel","in_join_map"
"west bengal__nadia","in_panel","in_join_map"
"west bengal__north twenty four pargan","not_in_panel","in_join_map"
"west bengal__paschim bardhaman","not_in_panel","in_join_map"
"west bengal__purba bardhaman","not_in_panel","in_join_map"
"west bengal__purba medinipur","not_in_panel","in_join_map"
"west bengal__puruliya","not_in_panel","in_join_map"
"west bengal__south twenty four pargan","not_in_panel","in_join_map"
"west bengal__uttar dinajpur","in_panel","in_join_map"
